,Quarter,HBT,HBTQF,SubstanceType,SubstanceTypeQF,TotalNumberOfReferrals,PercentWaitUpTo1Week,PercentWaitOver1WeekAndUpTo2Weeks,PercentWaitOver2WeeksAndUpTo3Weeks,PercentWaitOver3WeeksAndUpTo4Weeks,PercentWaitOver4WeeksAndUpTo5Weeks,PercentWaitOver5WeeksAndUpTo6Weeks,PercentWaitOver6WeeksAndUpTo8Weeks,PercentWaitOver8WeeksAndUpTo12Weeks,PercentWaitOver12WeeksAndUpTo16Weeks,PercentWaitOver16WeeksAndUpTo20Weeks,PercentWaitOver20Weeks,HB,HBName,HBDateEnacted,HBDateArchived,Country
0,2020/21Q3,S08000015,,Alcohol,,32,34.4,50.0,15.6,0.0,0.0,0.0,0.0,0.0,0.0,0.0,0.0,S08000015,NHS Ayrshire and Arran,20140401,,S92000003
1,2020/21Q4,S08000015,,Alcohol,,65,61.5,33.8,4.6,0.0,0.0,0.0,0.0,0.0,0.0,0.0,0.0,S08000015,NHS Ayrshire and Arran,20140401,,S92000003
2,2021/22Q1,S08000015,,Alcohol,,69,69.6,23.2,7.2,0.0,0.0,0.0,0.0,0.0,0.0,0.0,0.0,S08000015,NHS Ayrshire and Arran,20140401,,S92000003
3,2021/22Q2,S08000015,,Alcohol,,43,65.1,18.6,11.6,2.3,0.0,0.0,2.3,0.0,0.0,0.0,0.0,S08000015,NHS Ayrshire and Arran,20140401,,S92000003
4,2021/22Q3,S08000015,,Alcohol,,55,41.8,27.3,16.4,10.9,1.8,0.0,1.8,0.0,0.0,0.0,0.0,S08000015,NHS Ayrshire and Arran,20140401,,S92000003
5,2020/21Q3,S08000015,,All,d,49,32.7,42.9,20.4,4.1,0.0,0.0,0.0,0.0,0.0,0.0,0.0,S08000015,NHS Ayrshire and Arran,20140401,,S92000003
6,2020/21Q4,S08000015,,All,d,109,60.6,31.2,6.4,0.0,1.8,0.0,0.0,0.0,0.0,0.0,0.0,S08000015,NHS Ayrshire and Arran,20140401,,S92000003
7,2021/22Q1,S08000015,,All,d,104,66.3,24.0,8.7,0.0,1.0,0.0,0.0,0.0,0.0,0.0,0.0,S08000015,NHS Ayrshire and Arran,20140401,,S92000003
8,2021/22Q2,S08000015,,All,d,73,63.0,17.8,15.1,1.4,0.0,0.0,1.4,0.0,0.0,1.4,0.0,S08000015,NHS Ayrshire and Arran,20140401,,S92000003
9,2021/22Q3,S08000015,,All,d,83,43.4,31.3,15.7,7.2,1.2,0.0,1.2,0.0,0.0,0.0,0.0,S08000015,NHS Ayrshire and Arran,20140401,,S92000003
10,2020/21Q3,S08000015,,Co-dependency,,6,33.3,16.7,33.3,16.7,0.0,0.0,0.0,0.0,0.0,0.0,0.0,S08000015,NHS Ayrshire and Arran,20140401,,S92000003
11,2020/21Q4,S08000015,,Co-dependency,,9,44.4,33.3,11.1,0.0,11.1,0.0,0.0,0.0,0.0,0.0,0.0,S08000015,NHS Ayrshire and Arran,20140401,,S92000003
12,2021/22Q1,S08000015,,Co-dependency,,1,0.0,100.0,0.0,0.0,0.0,0.0,0.0,0.0,0.0,0.0,0.0,S08000015,NHS Ayrshire and Arran,20140401,,S92000003
13,2021/22Q2,S08000015,,Co-dependency,,8,50.0,25.0,25.0,0.0,0.0,0.0,0.0,0.0,0.0,0.0,0.0,S08000015,NHS Ayrshire and Arran,20140401,,S92000003
14,2021/22Q3,S08000015,,Co-dependency,,7,42.9,42.9,14.3,0.0,0.0,0.0,0.0,0.0,0.0,0.0,0.0,S08000015,NHS Ayrshire and Arran,20140401,,S92000003
15,2020/21Q3,S08000015,,Drug,,11,27.3,36.4,27.3,9.1,0.0,0.0,0.0,0.0,0.0,0.0,0.0,S08000015,NHS Ayrshire and Arran,20140401,,S92000003
16,2020/21Q4,S08000015,,Drug,,35,62.9,25.7,8.6,0.0,2.9,0.0,0.0,0.0,0.0,0.0,0.0,S08000015,NHS Ayrshire and Arran,20140401,,S92000003
17,2021/22Q1,S08000015,,Drug,,34,61.8,23.5,11.8,0.0,2.9,0.0,0.0,0.0,0.0,0.0,0.0,S08000015,NHS Ayrshire and Arran,20140401,,S92000003
18,2021/22Q2,S08000015,,Drug,,22,63.6,13.6,18.2,0.0,0.0,0.0,0.0,0.0,0.0,4.5,0.0,S08000015,NHS Ayrshire and Arran,20140401,,S92000003
19,2021/22Q3,S08000015,,Drug,,21,47.6,38.1,14.3,0.0,0.0,0.0,0.0,0.0,0.0,0.0,0.0,S08000015,NHS Ayrshire and Arran,20140401,,S92000003
20,2020/21Q3,S08000016,,Alcohol,,1,100.0,0.0,0.0,0.0,0.0,0.0,0.0,0.0,0.0,0.0,0.0,S08000016,NHS Borders,20140401,,S92000003
21,2020/21Q4,S08000016,,Alcohol,,10,70.0,10.0,10.0,10.0,0.0,0.0,0.0,0.0,0.0,0.0,0.0,S08000016,NHS Borders,20140401,,S92000003
22,2021/22Q1,S08000016,,Alcohol,,6,66.7,0.0,0.0,0.0,0.0,0.0,0.0,0.0,33.3,0.0,0.0,S08000016,NHS Borders,20140401,,S92000003
23,2021/22Q2,S08000016,,Alcohol,,9,77.8,0.0,11.1,0.0,0.0,0.0,0.0,0.0,0.0,0.0,11.1,S08000016,NHS Borders,20140401,,S92000003
24,2021/22Q3,S08000016,,Alcohol,,11,27.3,54.5,18.2,0.0,0.0,0.0,0.0,0.0,0.0,0.0,0.0,S08000016,NHS Borders,20140401,,S92000003
25,2020/21Q3,S08000016,,All,d,4,75.0,0.0,25.0,0.0,0.0,0.0,0.0,0.0,0.0,0.0,0.0,S08000016,NHS Borders,20140401,,S92000003
26,2020/21Q4,S08000016,,All,d,16,68.8,12.5,12.5,6.2,0.0,0.0,0.0,0.0,0.0,0.0,0.0,S08000016,NHS Borders,20140401,,S92000003
27,2021/22Q1,S08000016,,All,d,12,58.3,25.0,0.0,0.0,0.0,0.0,0.0,0.0,16.7,0.0,0.0,S08000016,NHS Borders,20140401,,S92000003
28,2021/22Q2,S08000016,,All,d,16,68.8,18.8,6.2,0.0,0.0,0.0,0.0,0.0,0.0,0.0,6.2,S08000016,NHS Borders,20140401,,S92000003
29,2021/22Q3,S08000016,,All,d,13,30.8,46.2,15.4,7.7,0.0,0.0,0.0,0.0,0.0,0.0,0.0,S08000016,NHS Borders,20140401,,S92000003
30,2021/22Q3,S08000016,,Co-dependency,,1,100.0,0.0,0.0,0.0,0.0,0.0,0.0,0.0,0.0,0.0,0.0,S08000016,NHS Borders,20140401,,S92000003
31,2020/21Q3,S08000016,,Drug,,3,66.7,0.0,33.3,0.0,0.0,0.0,0.0,0.0,0.0,0.0,0.0,S08000016,NHS Borders,20140401,,S92000003
32,2020/21Q4,S08000016,,Drug,,6,66.7,16.7,16.7,0.0,0.0,0.0,0.0,0.0,0.0,0.0,0.0,S08000016,NHS Borders,20140401,,S92000003
33,2021/22Q1,S08000016,,Drug,,6,50.0,50.0,0.0,0.0,0.0,0.0,0.0,0.0,0.0,0.0,0.0,S08000016,NHS Borders,20140401,,S92000003
34,2021/22Q2,S08000016,,Drug,,7,57.1,42.9,0.0,0.0,0.0,0.0,0.0,0.0,0.0,0.0,0.0,S08000016,NHS Borders,20140401,,S92000003
35,2021/22Q3,S08000016,,Drug,,1,0.0,0.0,0.0,100.0,0.0,0.0,0.0,0.0,0.0,0.0,0.0,S08000016,NHS Borders,20140401,,S92000003
36,2020/21Q3,S08000017,,Alcohol,,25,40.0,36.0,12.0,4.0,8.0,0.0,0.0,0.0,0.0,0.0,0.0,S08000017,NHS Dumfries and Galloway,20140401,,S92000003
37,2020/21Q4,S08000017,,Alcohol,,39,41.0,35.9,10.3,2.6,2.6,0.0,0.0,2.6,0.0,5.1,0.0,S08000017,NHS Dumfries and Galloway,20140401,,S92000003
38,2021/22Q1,S08000017,,Alcohol,,46,43.5,19.6,13.0,13.0,8.7,0.0,0.0,0.0,0.0,0.0,2.2,S08000017,NHS Dumfries and Galloway,20140401,,S92000003
39,2021/22Q2,S08000017,,Alcohol,,41,70.7,22.0,4.9,2.4,0.0,0.0,0.0,0.0,0.0,0.0,0.0,S08000017,NHS Dumfries and Galloway,20140401,,S92000003
40,2021/22Q3,S08000017,,Alcohol,,18,61.1,33.3,0.0,0.0,0.0,0.0,5.6,0.0,0.0,0.0,0.0,S08000017,NHS Dumfries and Galloway,20140401,,S92000003
41,2020/21Q3,S08000017,,All,d,28,42.9,32.1,14.3,3.6,7.1,0.0,0.0,0.0,0.0,0.0,0.0,S08000017,NHS Dumfries and Galloway,20140401,,S92000003
42,2020/21Q4,S08000017,,All,d,67,49.3,29.9,10.4,1.5,1.5,1.5,0.0,1.5,1.5,3.0,0.0,S08000017,NHS Dumfries and Galloway,20140401,,S92000003
43,2021/22Q1,S08000017,,All,d,92,48.9,19.6,10.9,9.8,7.6,1.1,0.0,0.0,0.0,0.0,2.2,S08000017,NHS Dumfries and Galloway,20140401,,S92000003
44,2021/22Q2,S08000017,,All,d,67,70.1,19.4,6.0,3.0,0.0,0.0,0.0,0.0,0.0,0.0,1.5,S08000017,NHS Dumfries and Galloway,20140401,,S92000003
45,2021/22Q3,S08000017,,All,d,31,54.8,35.5,0.0,3.2,3.2,0.0,3.2,0.0,0.0,0.0,0.0,S08000017,NHS Dumfries and Galloway,20140401,,S92000003
46,2020/21Q4,S08000017,,Co-dependency,,6,83.3,16.7,0.0,0.0,0.0,0.0,0.0,0.0,0.0,0.0,0.0,S08000017,NHS Dumfries and Galloway,20140401,,S92000003
47,2021/22Q1,S08000017,,Co-dependency,,2,50.0,0.0,50.0,0.0,0.0,0.0,0.0,0.0,0.0,0.0,0.0,S08000017,NHS Dumfries and Galloway,20140401,,S92000003
48,2021/22Q2,S08000017,,Co-dependency,,3,0.0,100.0,0.0,0.0,0.0,0.0,0.0,0.0,0.0,0.0,0.0,S08000017,NHS Dumfries and Galloway,20140401,,S92000003
49,2021/22Q3,S08000017,,Co-dependency,,2,50.0,50.0,0.0,0.0,0.0,0.0,0.0,0.0,0.0,0.0,0.0,S08000017,NHS Dumfries and Galloway,20140401,,S92000003
50,2020/21Q3,S08000017,,Drug,,3,66.7,0.0,33.3,0.0,0.0,0.0,0.0,0.0,0.0,0.0,0.0,S08000017,NHS Dumfries and Galloway,20140401,,S92000003
51,2020/21Q4,S08000017,,Drug,,22,54.5,22.7,13.6,0.0,0.0,4.5,0.0,0.0,4.5,0.0,0.0,S08000017,NHS Dumfries and Galloway,20140401,,S92000003
52,2021/22Q1,S08000017,,Drug,,44,54.5,20.5,6.8,6.8,6.8,2.3,0.0,0.0,0.0,0.0,2.3,S08000017,NHS Dumfries and Galloway,20140401,,S92000003
53,2021/22Q2,S08000017,,Drug,,23,78.3,4.3,8.7,4.3,0.0,0.0,0.0,0.0,0.0,0.0,4.3,S08000017,NHS Dumfries and Galloway,20140401,,S92000003
54,2021/22Q3,S08000017,,Drug,,11,45.5,36.4,0.0,9.1,9.1,0.0,0.0,0.0,0.0,0.0,0.0,S08000017,NHS Dumfries and Galloway,20140401,,S92000003
55,2020/21Q3,S08000029,,Alcohol,,47,14.9,34.0,29.8,10.6,4.3,4.3,0.0,0.0,0.0,0.0,2.1,S08000029,NHS Fife,20180202,,S92000003
56,2020/21Q4,S08000029,,Alcohol,,73,45.2,31.5,15.1,2.7,0.0,1.4,0.0,4.1,0.0,0.0,0.0,S08000029,NHS Fife,20180202,,S92000003
57,2021/22Q1,S08000029,,Alcohol,,67,38.8,34.3,13.4,4.5,1.5,3.0,0.0,0.0,4.5,0.0,0.0,S08000029,NHS Fife,20180202,,S92000003
58,2021/22Q2,S08000029,,Alcohol,,70,38.6,24.3,22.9,5.7,0.0,0.0,0.0,0.0,1.4,4.3,2.9,S08000029,NHS Fife,20180202,,S92000003
59,2021/22Q3,S08000029,,Alcohol,,63,19.0,27.0,15.9,9.5,12.7,3.2,1.6,1.6,0.0,0.0,9.5,S08000029,NHS Fife,20180202,,S92000003
60,2020/21Q3,S08000029,,All,d,93,14.0,35.5,33.3,6.5,3.2,2.2,4.3,0.0,0.0,0.0,1.1,S08000029,NHS Fife,20180202,,S92000003
61,2020/21Q4,S08000029,,All,d,126,50.8,29.4,11.9,3.2,0.0,0.8,0.8,2.4,0.8,0.0,0.0,S08000029,NHS Fife,20180202,,S92000003
62,2021/22Q1,S08000029,,All,d,132,50.0,24.2,15.2,5.3,1.5,1.5,0.0,0.0,2.3,0.0,0.0,S08000029,NHS Fife,20180202,,S92000003
63,2021/22Q2,S08000029,,All,d,141,44.7,29.1,17.0,3.5,0.7,0.0,0.0,0.0,0.7,2.8,1.4,S08000029,NHS Fife,20180202,,S92000003
64,2021/22Q3,S08000029,,All,d,130,26.9,27.7,15.4,10.0,8.5,2.3,3.1,1.5,0.0,0.0,4.6,S08000029,NHS Fife,20180202,,S92000003
65,2021/22Q1,S08000029,,Co-dependency,,10,50.0,10.0,30.0,0.0,10.0,0.0,0.0,0.0,0.0,0.0,0.0,S08000029,NHS Fife,20180202,,S92000003
66,2021/22Q2,S08000029,,Co-dependency,,15,66.7,6.7,26.7,0.0,0.0,0.0,0.0,0.0,0.0,0.0,0.0,S08000029,NHS Fife,20180202,,S92000003
67,2021/22Q3,S08000029,,Co-dependency,,15,33.3,46.7,13.3,6.7,0.0,0.0,0.0,0.0,0.0,0.0,0.0,S08000029,NHS Fife,20180202,,S92000003
68,2020/21Q3,S08000029,,Drug,,46,13.0,37.0,37.0,2.2,2.2,0.0,8.7,0.0,0.0,0.0,0.0,S08000029,NHS Fife,20180202,,S92000003
69,2020/21Q4,S08000029,,Drug,,53,58.5,26.4,7.5,3.8,0.0,0.0,1.9,0.0,1.9,0.0,0.0,S08000029,NHS Fife,20180202,,S92000003
70,2021/22Q1,S08000029,,Drug,,55,63.6,14.5,14.5,7.3,0.0,0.0,0.0,0.0,0.0,0.0,0.0,S08000029,NHS Fife,20180202,,S92000003
71,2021/22Q2,S08000029,,Drug,,56,46.4,41.1,7.1,1.8,1.8,0.0,0.0,0.0,0.0,1.8,0.0,S08000029,NHS Fife,20180202,,S92000003
72,2021/22Q3,S08000029,,Drug,,52,34.6,23.1,15.4,11.5,5.8,1.9,5.8,1.9,0.0,0.0,0.0,S08000029,NHS Fife,20180202,,S92000003
73,2020/21Q3,S08000019,,Alcohol,,32,34.4,50.0,6.2,0.0,6.2,0.0,0.0,0.0,3.1,0.0,0.0,S08000019,NHS Forth Valley,20140401,,S92000003
74,2020/21Q4,S08000019,,Alcohol,,63,54.0,25.4,9.5,1.6,1.6,1.6,3.2,3.2,0.0,0.0,0.0,S08000019,NHS Forth Valley,20140401,,S92000003
75,2021/22Q1,S08000019,,Alcohol,,101,38.6,28.7,12.9,4.0,4.0,4.0,1.0,5.0,2.0,0.0,0.0,S08000019,NHS Forth Valley,20140401,,S92000003
76,2021/22Q2,S08000019,,Alcohol,,106,44.3,20.8,8.5,3.8,1.9,0.9,7.5,5.7,6.6,0.0,0.0,S08000019,NHS Forth Valley,20140401,,S92000003
77,2021/22Q3,S08000019,,Alcohol,,71,39.4,21.1,9.9,7.0,0.0,5.6,4.2,7.0,5.6,0.0,0.0,S08000019,NHS Forth Valley,20140401,,S92000003
78,2020/21Q3,S08000019,,All,d,66,53.0,36.4,3.0,0.0,4.5,0.0,1.5,0.0,1.5,0.0,0.0,S08000019,NHS Forth Valley,20140401,,S92000003
79,2020/21Q4,S08000019,,All,d,120,52.5,32.5,7.5,0.8,1.7,0.8,2.5,1.7,0.0,0.0,0.0,S08000019,NHS Forth Valley,20140401,,S92000003
80,2021/22Q1,S08000019,,All,d,190,47.4,28.9,7.9,3.2,2.6,3.2,1.1,4.7,1.1,0.0,0.0,S08000019,NHS Forth Valley,20140401,,S92000003
81,2021/22Q2,S08000019,,All,d,188,46.3,23.4,9.0,3.2,1.6,0.5,6.9,5.3,3.7,0.0,0.0,S08000019,NHS Forth Valley,20140401,,S92000003
82,2021/22Q3,S08000019,,All,d,143,39.2,28.7,9.8,4.2,0.0,2.8,4.9,4.9,4.9,0.7,0.0,S08000019,NHS Forth Valley,20140401,,S92000003
83,2021/22Q1,S08000019,,Co-dependency,,26,57.7,34.6,0.0,0.0,0.0,0.0,3.8,3.8,0.0,0.0,0.0,S08000019,NHS Forth Valley,20140401,,S92000003
84,2021/22Q2,S08000019,,Co-dependency,,23,60.9,26.1,0.0,8.7,0.0,0.0,0.0,4.3,0.0,0.0,0.0,S08000019,NHS Forth Valley,20140401,,S92000003
85,2021/22Q3,S08000019,,Co-dependency,,20,35.0,35.0,0.0,0.0,0.0,0.0,10.0,10.0,10.0,0.0,0.0,S08000019,NHS Forth Valley,20140401,,S92000003
86,2020/21Q3,S08000019,,Drug,,34,70.6,23.5,0.0,0.0,2.9,0.0,2.9,0.0,0.0,0.0,0.0,S08000019,NHS Forth Valley,20140401,,S92000003
87,2020/21Q4,S08000019,,Drug,,57,50.9,40.4,5.3,0.0,1.8,0.0,1.8,0.0,0.0,0.0,0.0,S08000019,NHS Forth Valley,20140401,,S92000003
88,2021/22Q1,S08000019,,Drug,,63,57.1,27.0,3.2,3.2,1.6,3.2,0.0,4.8,0.0,0.0,0.0,S08000019,NHS Forth Valley,20140401,,S92000003
89,2021/22Q2,S08000019,,Drug,,59,44.1,27.1,13.6,0.0,1.7,0.0,8.5,5.1,0.0,0.0,0.0,S08000019,NHS Forth Valley,20140401,,S92000003
90,2021/22Q3,S08000019,,Drug,,52,40.4,36.5,13.5,1.9,0.0,0.0,3.8,0.0,1.9,1.9,0.0,S08000019,NHS Forth Valley,20140401,,S92000003
91,2020/21Q3,S08000020,,Alcohol,,71,33.8,31.0,22.5,1.4,2.8,1.4,2.8,0.0,1.4,0.0,2.8,S08000020,NHS Grampian,20140401,,S92000003
92,2020/21Q4,S08000020,,Alcohol,,70,60.0,25.7,5.7,1.4,0.0,0.0,1.4,4.3,0.0,0.0,1.4,S08000020,NHS Grampian,20140401,,S92000003
93,2021/22Q1,S08000020,,Alcohol,,94,57.4,27.7,7.4,4.3,1.1,0.0,1.1,1.1,0.0,0.0,0.0,S08000020,NHS Grampian,20140401,,S92000003
94,2021/22Q2,S08000020,,Alcohol,,101,68.3,16.8,8.9,3.0,1.0,2.0,0.0,0.0,0.0,0.0,0.0,S08000020,NHS Grampian,20140401,,S92000003
95,2021/22Q3,S08000020,,Alcohol,,82,43.9,31.7,19.5,2.4,1.2,1.2,0.0,0.0,0.0,0.0,0.0,S08000020,NHS Grampian,20140401,,S92000003
96,2020/21Q3,S08000020,,All,d,134,33.6,29.9,16.4,6.0,7.5,0.7,2.2,1.5,0.7,0.0,1.5,S08000020,NHS Grampian,20140401,,S92000003
97,2020/21Q4,S08000020,,All,d,136,61.0,20.6,6.6,2.9,0.0,0.7,1.5,2.9,2.2,0.7,0.7,S08000020,NHS Grampian,20140401,,S92000003
98,2021/22Q1,S08000020,,All,d,173,57.2,24.9,6.4,4.0,1.2,0.0,4.0,0.6,0.6,0.0,1.2,S08000020,NHS Grampian,20140401,,S92000003
99,2021/22Q2,S08000020,,All,d,185,60.5,19.5,10.8,3.8,1.6,1.1,0.0,0.5,0.5,0.0,1.6,S08000020,NHS Grampian,20140401,,S92000003
100,2021/22Q3,S08000020,,All,d,169,46.7,26.6,16.6,5.3,2.4,0.6,0.6,0.0,0.0,0.0,1.2,S08000020,NHS Grampian,20140401,,S92000003
101,2020/21Q3,S08000020,,Co-dependency,,11,27.3,54.5,9.1,0.0,9.1,0.0,0.0,0.0,0.0,0.0,0.0,S08000020,NHS Grampian,20140401,,S92000003
102,2020/21Q4,S08000020,,Co-dependency,,10,80.0,0.0,10.0,0.0,0.0,0.0,0.0,0.0,10.0,0.0,0.0,S08000020,NHS Grampian,20140401,,S92000003
103,2021/22Q1,S08000020,,Co-dependency,,13,69.2,30.8,0.0,0.0,0.0,0.0,0.0,0.0,0.0,0.0,0.0,S08000020,NHS Grampian,20140401,,S92000003
104,2021/22Q2,S08000020,,Co-dependency,,14,57.1,21.4,7.1,7.1,0.0,0.0,0.0,0.0,7.1,0.0,0.0,S08000020,NHS Grampian,20140401,,S92000003
105,2021/22Q3,S08000020,,Co-dependency,,12,50.0,16.7,16.7,16.7,0.0,0.0,0.0,0.0,0.0,0.0,0.0,S08000020,NHS Grampian,20140401,,S92000003
106,2020/21Q3,S08000020,,Drug,,52,34.6,23.1,9.6,13.5,13.5,0.0,1.9,3.8,0.0,0.0,0.0,S08000020,NHS Grampian,20140401,,S92000003
107,2020/21Q4,S08000020,,Drug,,56,58.9,17.9,7.1,5.4,0.0,1.8,1.8,1.8,3.6,1.8,0.0,S08000020,NHS Grampian,20140401,,S92000003
108,2021/22Q1,S08000020,,Drug,,66,54.5,19.7,6.1,4.5,1.5,0.0,9.1,0.0,1.5,0.0,3.0,S08000020,NHS Grampian,20140401,,S92000003
109,2021/22Q2,S08000020,,Drug,,70,50.0,22.9,14.3,4.3,2.9,0.0,0.0,1.4,0.0,0.0,4.3,S08000020,NHS Grampian,20140401,,S92000003
110,2021/22Q3,S08000020,,Drug,,75,49.3,22.7,13.3,6.7,4.0,0.0,1.3,0.0,0.0,0.0,2.7,S08000020,NHS Grampian,20140401,,S92000003
111,2020/21Q3,S08000031,,Alcohol,,207,46.4,30.9,11.1,1.0,0.0,0.0,0.5,0.0,0.5,2.4,7.2,S08000031,NHS Greater Glasgow and Clyde,20190401,,S92000003
112,2020/21Q4,S08000031,,Alcohol,,251,57.0,20.3,8.8,2.4,0.8,0.8,1.2,1.6,0.0,0.0,7.2,S08000031,NHS Greater Glasgow and Clyde,20190401,,S92000003
113,2021/22Q1,S08000031,,Alcohol,,288,39.2,18.4,7.3,3.8,2.1,1.7,6.2,7.3,4.9,1.4,7.6,S08000031,NHS Greater Glasgow and Clyde,20190401,,S92000003
114,2021/22Q2,S08000031,,Alcohol,,311,30.5,19.6,8.0,4.8,2.9,4.2,2.6,1.9,1.3,1.9,22.2,S08000031,NHS Greater Glasgow and Clyde,20190401,,S92000003
115,2021/22Q3,S08000031,,Alcohol,,261,17.2,22.6,14.9,4.6,1.5,1.9,0.8,1.1,1.9,3.4,29.9,S08000031,NHS Greater Glasgow and Clyde,20190401,,S92000003
116,2020/21Q3,S08000031,,All,d,360,43.6,31.1,11.1,1.7,1.1,0.8,0.3,0.3,0.8,1.7,7.5,S08000031,NHS Greater Glasgow and Clyde,20190401,,S92000003
117,2020/21Q4,S08000031,,All,d,411,58.9,20.0,7.5,2.7,0.5,1.5,1.2,1.0,0.0,0.0,6.8,S08000031,NHS Greater Glasgow and Clyde,20190401,,S92000003
118,2021/22Q1,S08000031,,All,d,518,38.2,17.2,8.7,5.8,2.9,2.7,6.2,7.1,3.9,1.4,6.0,S08000031,NHS Greater Glasgow and Clyde,20190401,,S92000003
119,2021/22Q2,S08000031,,All,d,563,34.3,19.0,7.8,5.9,2.0,4.3,3.0,1.4,1.6,2.0,18.8,S08000031,NHS Greater Glasgow and Clyde,20190401,,S92000003
120,2021/22Q3,S08000031,,All,d,435,20.2,23.0,13.8,4.4,2.5,1.1,0.5,2.1,1.8,2.8,27.8,S08000031,NHS Greater Glasgow and Clyde,20190401,,S92000003
121,2021/22Q1,S08000031,,Co-dependency,,67,35.8,20.9,13.4,7.5,7.5,6.0,3.0,3.0,3.0,0.0,0.0,S08000031,NHS Greater Glasgow and Clyde,20190401,,S92000003
122,2021/22Q2,S08000031,,Co-dependency,,79,40.5,19.0,12.7,7.6,0.0,8.9,3.8,1.3,2.5,0.0,3.8,S08000031,NHS Greater Glasgow and Clyde,20190401,,S92000003
123,2021/22Q3,S08000031,,Co-dependency,,38,23.7,26.3,21.1,0.0,7.9,0.0,0.0,5.3,5.3,0.0,10.5,S08000031,NHS Greater Glasgow and Clyde,20190401,,S92000003
124,2020/21Q3,S08000031,,Drug,,153,39.9,31.4,11.1,2.6,2.6,2.0,0.0,0.7,1.3,0.7,7.8,S08000031,NHS Greater Glasgow and Clyde,20190401,,S92000003
125,2020/21Q4,S08000031,,Drug,,160,61.9,19.4,5.6,3.1,0.0,2.5,1.2,0.0,0.0,0.0,6.2,S08000031,NHS Greater Glasgow and Clyde,20190401,,S92000003
126,2021/22Q1,S08000031,,Drug,,163,37.4,13.5,9.2,8.6,2.5,3.1,7.4,8.6,2.5,1.8,5.5,S08000031,NHS Greater Glasgow and Clyde,20190401,,S92000003
127,2021/22Q2,S08000031,,Drug,,173,38.2,17.9,5.2,6.9,1.2,2.3,3.5,0.6,1.7,2.9,19.7,S08000031,NHS Greater Glasgow and Clyde,20190401,,S92000003
128,2021/22Q3,S08000031,,Drug,,136,25.0,22.8,9.6,5.1,2.9,0.0,0.0,2.9,0.7,2.2,28.7,S08000031,NHS Greater Glasgow and Clyde,20190401,,S92000003
129,2020/21Q3,S08000022,,Alcohol,,118,11.9,15.3,13.6,18.6,2.5,5.1,4.2,9.3,2.5,2.5,14.4,S08000022,NHS Highland,20140401,,S92000003
130,2020/21Q4,S08000022,,Alcohol,,104,19.2,11.5,10.6,8.7,2.9,3.8,4.8,8.7,9.6,7.7,12.5,S08000022,NHS Highland,20140401,,S92000003
131,2021/22Q1,S08000022,,Alcohol,,172,16.9,4.7,4.7,4.7,4.1,4.1,4.7,12.2,22.1,4.7,17.4,S08000022,NHS Highland,20140401,,S92000003
132,2021/22Q2,S08000022,,Alcohol,,215,12.1,8.4,7.0,2.8,4.2,4.7,6.0,8.8,5.6,5.6,34.9,S08000022,NHS Highland,20140401,,S92000003
133,2021/22Q3,S08000022,,Alcohol,,194,4.6,8.2,9.8,5.2,2.1,1.0,4.1,7.2,11.3,5.2,41.2,S08000022,NHS Highland,20140401,,S92000003
134,2020/21Q3,S08000022,,All,d,175,14.3,13.7,14.3,15.4,3.4,4.6,6.3,8.0,4.0,2.9,13.1,S08000022,NHS Highland,20140401,,S92000003
135,2020/21Q4,S08000022,,All,d,180,15.6,11.1,11.1,10.0,2.8,3.9,7.8,7.2,11.1,7.2,12.2,S08000022,NHS Highland,20140401,,S92000003
136,2021/22Q1,S08000022,,All,d,288,16.3,7.3,4.9,4.2,3.5,4.5,5.2,9.0,22.2,5.2,17.7,S08000022,NHS Highland,20140401,,S92000003
137,2021/22Q2,S08000022,,All,d,347,11.2,8.1,6.3,4.6,3.2,3.2,5.8,7.2,7.5,6.1,36.9,S08000022,NHS Highland,20140401,,S92000003
138,2021/22Q3,S08000022,,All,d,300,4.7,8.0,10.0,4.3,2.3,1.7,4.0,7.0,9.3,5.0,43.7,S08000022,NHS Highland,20140401,,S92000003
139,2021/22Q1,S08000022,,Co-dependency,,12,41.7,16.7,0.0,0.0,8.3,16.7,8.3,0.0,8.3,0.0,0.0,S08000022,NHS Highland,20140401,,S92000003
140,2021/22Q2,S08000022,,Co-dependency,,25,20.0,8.0,8.0,16.0,4.0,0.0,16.0,8.0,8.0,8.0,4.0,S08000022,NHS Highland,20140401,,S92000003
141,2021/22Q3,S08000022,,Co-dependency,,20,15.0,10.0,15.0,5.0,0.0,5.0,0.0,5.0,10.0,10.0,25.0,S08000022,NHS Highland,20140401,,S92000003
142,2020/21Q3,S08000022,,Drug,,57,19.3,10.5,15.8,8.8,5.3,3.5,10.5,5.3,7.0,3.5,10.5,S08000022,NHS Highland,20140401,,S92000003
143,2020/21Q4,S08000022,,Drug,,76,10.5,10.5,11.8,11.8,2.6,3.9,11.8,5.3,13.2,6.6,11.8,S08000022,NHS Highland,20140401,,S92000003
144,2021/22Q1,S08000022,,Drug,,104,12.5,10.6,5.8,3.8,1.9,3.8,5.8,4.8,24.0,6.7,20.2,S08000022,NHS Highland,20140401,,S92000003
145,2021/22Q2,S08000022,,Drug,,107,7.5,7.5,4.7,5.6,0.9,0.9,2.8,3.7,11.2,6.5,48.6,S08000022,NHS Highland,20140401,,S92000003
146,2021/22Q3,S08000022,,Drug,,86,2.3,7.0,9.3,2.3,3.5,2.3,4.7,7.0,4.7,3.5,53.5,S08000022,NHS Highland,20140401,,S92000003
147,2020/21Q3,S08000032,,Alcohol,,132,46.2,40.2,12.9,0.8,0.0,0.0,0.0,0.0,0.0,0.0,0.0,S08000032,NHS Lanarkshire,20190401,,S92000003
148,2020/21Q4,S08000032,,Alcohol,,179,62.0,26.3,10.1,1.1,0.6,0.0,0.0,0.0,0.0,0.0,0.0,S08000032,NHS Lanarkshire,20190401,,S92000003
149,2021/22Q1,S08000032,,Alcohol,,206,58.3,23.8,9.7,4.9,1.0,1.5,0.0,0.5,0.5,0.0,0.0,S08000032,NHS Lanarkshire,20190401,,S92000003
150,2021/22Q2,S08000032,,Alcohol,,159,44.7,34.6,17.6,2.5,0.0,0.0,0.6,0.0,0.0,0.0,0.0,S08000032,NHS Lanarkshire,20190401,,S92000003
151,2021/22Q3,S08000032,,Alcohol,,168,43.5,38.7,16.7,0.0,0.6,0.0,0.0,0.6,0.0,0.0,0.0,S08000032,NHS Lanarkshire,20190401,,S92000003
152,2020/21Q3,S08000032,,All,d,258,44.6,40.3,13.2,0.8,0.8,0.0,0.0,0.4,0.0,0.0,0.0,S08000032,NHS Lanarkshire,20190401,,S92000003
153,2020/21Q4,S08000032,,All,d,341,62.2,27.6,8.5,1.2,0.3,0.0,0.0,0.0,0.3,0.0,0.0,S08000032,NHS Lanarkshire,20190401,,S92000003
154,2021/22Q1,S08000032,,All,d,385,52.5,28.3,11.7,3.6,1.0,0.8,0.8,0.5,0.3,0.3,0.3,S08000032,NHS Lanarkshire,20190401,,S92000003
155,2021/22Q2,S08000032,,All,d,325,44.9,34.5,16.3,2.2,0.6,0.3,0.3,0.3,0.3,0.0,0.3,S08000032,NHS Lanarkshire,20190401,,S92000003
156,2021/22Q3,S08000032,,All,d,327,44.0,38.8,15.0,0.9,0.3,0.0,0.0,0.3,0.0,0.3,0.3,S08000032,NHS Lanarkshire,20190401,,S92000003
157,2021/22Q1,S08000032,,Co-dependency,,61,47.5,39.3,9.8,0.0,0.0,0.0,3.3,0.0,0.0,0.0,0.0,S08000032,NHS Lanarkshire,20190401,,S92000003
158,2021/22Q2,S08000032,,Co-dependency,,73,43.8,42.5,9.6,1.4,2.7,0.0,0.0,0.0,0.0,0.0,0.0,S08000032,NHS Lanarkshire,20190401,,S92000003
159,2021/22Q3,S08000032,,Co-dependency,,52,44.2,42.3,13.5,0.0,0.0,0.0,0.0,0.0,0.0,0.0,0.0,S08000032,NHS Lanarkshire,20190401,,S92000003
160,2020/21Q3,S08000032,,Drug,,126,42.9,40.5,13.5,0.8,1.6,0.0,0.0,0.8,0.0,0.0,0.0,S08000032,NHS Lanarkshire,20190401,,S92000003
161,2020/21Q4,S08000032,,Drug,,162,62.3,29.0,6.8,1.2,0.0,0.0,0.0,0.0,0.6,0.0,0.0,S08000032,NHS Lanarkshire,20190401,,S92000003
162,2021/22Q1,S08000032,,Drug,,118,44.9,30.5,16.1,3.4,1.7,0.0,0.8,0.8,0.0,0.8,0.8,S08000032,NHS Lanarkshire,20190401,,S92000003
163,2021/22Q2,S08000032,,Drug,,93,46.2,28.0,19.4,2.2,0.0,1.1,0.0,1.1,1.1,0.0,1.1,S08000032,NHS Lanarkshire,20190401,,S92000003
164,2021/22Q3,S08000032,,Drug,,107,44.9,37.4,13.1,2.8,0.0,0.0,0.0,0.0,0.0,0.9,0.9,S08000032,NHS Lanarkshire,20190401,,S92000003
165,2020/21Q3,S08000024,,Alcohol,,50,34.0,16.0,24.0,12.0,6.0,2.0,6.0,0.0,0.0,0.0,0.0,S08000024,NHS Lothian,20140401,,S92000003
166,2020/21Q4,S08000024,,Alcohol,,63,39.7,33.3,14.3,6.3,3.2,1.6,0.0,0.0,0.0,1.6,0.0,S08000024,NHS Lothian,20140401,,S92000003
167,2021/22Q1,S08000024,,Alcohol,,85,43.5,27.1,11.8,5.9,3.5,2.4,3.5,1.2,1.2,0.0,0.0,S08000024,NHS Lothian,20140401,,S92000003
168,2021/22Q2,S08000024,,Alcohol,,119,42.0,13.4,12.6,4.2,7.6,0.8,6.7,8.4,2.5,0.0,1.7,S08000024,NHS Lothian,20140401,,S92000003
169,2021/22Q3,S08000024,,Alcohol,,46,30.4,37.0,19.6,10.9,0.0,0.0,0.0,2.2,0.0,0.0,0.0,S08000024,NHS Lothian,20140401,,S92000003
170,2020/21Q3,S08000024,,All,d,127,41.7,18.1,17.3,7.9,5.5,4.7,3.1,0.8,0.0,0.0,0.8,S08000024,NHS Lothian,20140401,,S92000003
171,2020/21Q4,S08000024,,All,d,133,44.4,31.6,14.3,5.3,1.5,1.5,0.8,0.0,0.0,0.8,0.0,S08000024,NHS Lothian,20140401,,S92000003
172,2021/22Q1,S08000024,,All,d,179,44.1,29.1,12.3,5.6,2.2,1.7,1.7,1.7,1.7,0.0,0.0,S08000024,NHS Lothian,20140401,,S92000003
173,2021/22Q2,S08000024,,All,d,220,38.6,15.0,13.6,5.0,8.2,1.8,5.0,8.2,2.7,0.0,1.8,S08000024,NHS Lothian,20140401,,S92000003
174,2021/22Q3,S08000024,,All,d,86,27.9,40.7,18.6,9.3,1.2,0.0,1.2,1.2,0.0,0.0,0.0,S08000024,NHS Lothian,20140401,,S92000003
175,2021/22Q1,S08000024,,Co-dependency,,20,50.0,30.0,5.0,10.0,0.0,0.0,0.0,5.0,0.0,0.0,0.0,S08000024,NHS Lothian,20140401,,S92000003
176,2021/22Q2,S08000024,,Co-dependency,,18,27.8,27.8,16.7,11.1,5.6,0.0,0.0,5.6,5.6,0.0,0.0,S08000024,NHS Lothian,20140401,,S92000003
177,2021/22Q3,S08000024,,Co-dependency,,10,30.0,50.0,0.0,20.0,0.0,0.0,0.0,0.0,0.0,0.0,0.0,S08000024,NHS Lothian,20140401,,S92000003
178,2020/21Q3,S08000024,,Drug,,77,46.8,19.5,13.0,5.2,5.2,6.5,1.3,1.3,0.0,0.0,1.3,S08000024,NHS Lothian,20140401,,S92000003
179,2020/21Q4,S08000024,,Drug,,70,48.6,30.0,14.3,4.3,0.0,1.4,1.4,0.0,0.0,0.0,0.0,S08000024,NHS Lothian,20140401,,S92000003
180,2021/22Q1,S08000024,,Drug,,74,43.2,31.1,14.9,4.1,1.4,1.4,0.0,1.4,2.7,0.0,0.0,S08000024,NHS Lothian,20140401,,S92000003
181,2021/22Q2,S08000024,,Drug,,83,36.1,14.5,14.5,4.8,9.6,3.6,3.6,8.4,2.4,0.0,2.4,S08000024,NHS Lothian,20140401,,S92000003
182,2021/22Q3,S08000024,,Drug,,30,23.3,43.3,23.3,3.3,3.3,0.0,3.3,0.0,0.0,0.0,0.0,S08000024,NHS Lothian,20140401,,S92000003
183,2021/22Q2,S08000025,,Alcohol,,1,100.0,0.0,0.0,0.0,0.0,0.0,0.0,0.0,0.0,0.0,0.0,S08000025,NHS Orkney,20140401,,S92000003
184,2021/22Q2,S08000025,,All,d,2,50.0,50.0,0.0,0.0,0.0,0.0,0.0,0.0,0.0,0.0,0.0,S08000025,NHS Orkney,20140401,,S92000003
185,2021/22Q2,S08000025,,Drug,,1,0.0,100.0,0.0,0.0,0.0,0.0,0.0,0.0,0.0,0.0,0.0,S08000025,NHS Orkney,20140401,,S92000003
186,2020/21Q3,S08000026,,Alcohol,,3,33.3,0.0,0.0,0.0,0.0,0.0,0.0,0.0,0.0,0.0,66.7,S08000026,NHS Shetland,20140401,,S92000003
187,2020/21Q4,S08000026,,Alcohol,,2,0.0,0.0,0.0,0.0,0.0,0.0,0.0,0.0,0.0,0.0,100.0,S08000026,NHS Shetland,20140401,,S92000003
188,2021/22Q1,S08000026,,Alcohol,,3,33.3,0.0,0.0,0.0,0.0,0.0,0.0,0.0,0.0,0.0,66.7,S08000026,NHS Shetland,20140401,,S92000003
189,2021/22Q2,S08000026,,Alcohol,,4,25.0,0.0,25.0,0.0,0.0,0.0,0.0,0.0,0.0,0.0,50.0,S08000026,NHS Shetland,20140401,,S92000003
190,2020/21Q3,S08000026,,All,d,5,20.0,0.0,20.0,0.0,0.0,0.0,0.0,0.0,0.0,0.0,60.0,S08000026,NHS Shetland,20140401,,S92000003
191,2020/21Q4,S08000026,,All,d,4,0.0,0.0,0.0,0.0,0.0,0.0,25.0,0.0,0.0,0.0,75.0,S08000026,NHS Shetland,20140401,,S92000003
192,2021/22Q1,S08000026,,All,d,10,60.0,0.0,0.0,0.0,0.0,0.0,0.0,0.0,0.0,10.0,30.0,S08000026,NHS Shetland,20140401,,S92000003
193,2021/22Q2,S08000026,,All,d,5,20.0,20.0,20.0,0.0,0.0,0.0,0.0,0.0,0.0,0.0,40.0,S08000026,NHS Shetland,20140401,,S92000003
194,2021/22Q1,S08000026,,Co-dependency,,2,100.0,0.0,0.0,0.0,0.0,0.0,0.0,0.0,0.0,0.0,0.0,S08000026,NHS Shetland,20140401,,S92000003
195,2020/21Q3,S08000026,,Drug,,2,0.0,0.0,50.0,0.0,0.0,0.0,0.0,0.0,0.0,0.0,50.0,S08000026,NHS Shetland,20140401,,S92000003
196,2020/21Q4,S08000026,,Drug,,2,0.0,0.0,0.0,0.0,0.0,0.0,50.0,0.0,0.0,0.0,50.0,S08000026,NHS Shetland,20140401,,S92000003
197,2021/22Q1,S08000026,,Drug,,5,60.0,0.0,0.0,0.0,0.0,0.0,0.0,0.0,0.0,20.0,20.0,S08000026,NHS Shetland,20140401,,S92000003
198,2021/22Q2,S08000026,,Drug,,1,0.0,100.0,0.0,0.0,0.0,0.0,0.0,0.0,0.0,0.0,0.0,S08000026,NHS Shetland,20140401,,S92000003
199,2020/21Q3,S08000030,,Alcohol,,43,37.2,37.2,16.3,0.0,4.7,0.0,0.0,0.0,0.0,0.0,4.7,S08000030,NHS Tayside,20180202,,S92000003
200,2020/21Q4,S08000030,,Alcohol,,48,39.6,35.4,18.8,4.2,0.0,0.0,0.0,2.1,0.0,0.0,0.0,S08000030,NHS Tayside,20180202,,S92000003
201,2021/22Q1,S08000030,,Alcohol,,113,17.7,15.0,13.3,11.5,9.7,11.5,9.7,8.8,2.7,0.0,0.0,S08000030,NHS Tayside,20180202,,S92000003
202,2021/22Q2,S08000030,,Alcohol,,179,19.6,9.5,10.1,7.3,5.6,6.7,7.3,14.0,11.7,6.1,2.2,S08000030,NHS Tayside,20180202,,S92000003
203,2021/22Q3,S08000030,,Alcohol,,187,10.7,19.3,9.1,5.9,5.9,4.8,8.6,13.9,10.7,1.6,9.6,S08000030,NHS Tayside,20180202,,S92000003
204,2020/21Q3,S08000030,,All,d,77,39.0,29.9,19.5,5.2,2.6,0.0,1.3,0.0,0.0,0.0,2.6,S08000030,NHS Tayside,20180202,,S92000003
205,2020/21Q4,S08000030,,All,d,88,43.2,34.1,18.2,3.4,0.0,0.0,0.0,1.1,0.0,0.0,0.0,S08000030,NHS Tayside,20180202,,S92000003
206,2021/22Q1,S08000030,,All,d,222,22.1,14.9,10.8,7.7,8.1,9.9,9.0,13.5,4.1,0.0,0.0,S08000030,NHS Tayside,20180202,,S92000003
207,2021/22Q2,S08000030,,All,d,290,17.9,10.7,7.9,7.2,4.5,5.5,6.9,14.5,11.4,9.0,4.5,S08000030,NHS Tayside,20180202,,S92000003
208,2021/22Q3,S08000030,,All,d,309,11.0,18.1,10.4,5.8,4.5,4.5,7.1,13.6,9.4,3.2,12.3,S08000030,NHS Tayside,20180202,,S92000003
209,2021/22Q1,S08000030,,Co-dependency,,3,0.0,66.7,0.0,0.0,0.0,0.0,33.3,0.0,0.0,0.0,0.0,S08000030,NHS Tayside,20180202,,S92000003
210,2021/22Q2,S08000030,,Co-dependency,,4,25.0,25.0,25.0,0.0,25.0,0.0,0.0,0.0,0.0,0.0,0.0,S08000030,NHS Tayside,20180202,,S92000003
211,2021/22Q3,S08000030,,Co-dependency,,8,37.5,0.0,25.0,0.0,0.0,0.0,12.5,12.5,12.5,0.0,0.0,S08000030,NHS Tayside,20180202,,S92000003
212,2020/21Q3,S08000030,,Drug,,34,41.2,20.6,23.5,11.8,0.0,0.0,2.9,0.0,0.0,0.0,0.0,S08000030,NHS Tayside,20180202,,S92000003
213,2020/21Q4,S08000030,,Drug,,40,47.5,32.5,17.5,2.5,0.0,0.0,0.0,0.0,0.0,0.0,0.0,S08000030,NHS Tayside,20180202,,S92000003
214,2021/22Q1,S08000030,,Drug,,106,27.4,13.2,8.5,3.8,6.6,8.5,7.5,18.9,5.7,0.0,0.0,S08000030,NHS Tayside,20180202,,S92000003
215,2021/22Q2,S08000030,,Drug,,107,15.0,12.1,3.7,7.5,1.9,3.7,6.5,15.9,11.2,14.0,8.4,S08000030,NHS Tayside,20180202,,S92000003
216,2021/22Q3,S08000030,,Drug,,114,9.6,17.5,11.4,6.1,2.6,4.4,4.4,13.2,7.0,6.1,17.5,S08000030,NHS Tayside,20180202,,S92000003
217,2020/21Q3,S08000028,,Alcohol,,5,0.0,0.0,80.0,20.0,0.0,0.0,0.0,0.0,0.0,0.0,0.0,S08000028,NHS Western Isles,20140401,,S92000003
218,2020/21Q4,S08000028,,Alcohol,,3,66.7,33.3,0.0,0.0,0.0,0.0,0.0,0.0,0.0,0.0,0.0,S08000028,NHS Western Isles,20140401,,S92000003
219,2021/22Q1,S08000028,,Alcohol,,1,0.0,0.0,0.0,0.0,0.0,100.0,0.0,0.0,0.0,0.0,0.0,S08000028,NHS Western Isles,20140401,,S92000003
220,2021/22Q2,S08000028,,Alcohol,,6,50.0,16.7,0.0,0.0,0.0,16.7,0.0,0.0,0.0,16.7,0.0,S08000028,NHS Western Isles,20140401,,S92000003
221,2021/22Q3,S08000028,,Alcohol,,3,0.0,100.0,0.0,0.0,0.0,0.0,0.0,0.0,0.0,0.0,0.0,S08000028,NHS Western Isles,20140401,,S92000003
222,2020/21Q3,S08000028,,All,d,6,0.0,16.7,66.7,16.7,0.0,0.0,0.0,0.0,0.0,0.0,0.0,S08000028,NHS Western Isles,20140401,,S92000003
223,2020/21Q4,S08000028,,All,d,3,66.7,33.3,0.0,0.0,0.0,0.0,0.0,0.0,0.0,0.0,0.0,S08000028,NHS Western Isles,20140401,,S92000003
224,2021/22Q1,S08000028,,All,d,1,0.0,0.0,0.0,0.0,0.0,100.0,0.0,0.0,0.0,0.0,0.0,S08000028,NHS Western Isles,20140401,,S92000003
225,2021/22Q2,S08000028,,All,d,10,40.0,20.0,10.0,0.0,0.0,20.0,0.0,0.0,0.0,10.0,0.0,S08000028,NHS Western Isles,20140401,,S92000003
226,2021/22Q3,S08000028,,All,d,4,0.0,75.0,0.0,0.0,0.0,0.0,25.0,0.0,0.0,0.0,0.0,S08000028,NHS Western Isles,20140401,,S92000003
227,2021/22Q2,S08000028,,Co-dependency,,3,33.3,33.3,33.3,0.0,0.0,0.0,0.0,0.0,0.0,0.0,0.0,S08000028,NHS Western Isles,20140401,,S92000003
228,2020/21Q3,S08000028,,Drug,,1,0.0,100.0,0.0,0.0,0.0,0.0,0.0,0.0,0.0,0.0,0.0,S08000028,NHS Western Isles,20140401,,S92000003
229,2021/22Q2,S08000028,,Drug,,1,0.0,0.0,0.0,0.0,0.0,100.0,0.0,0.0,0.0,0.0,0.0,S08000028,NHS Western Isles,20140401,,S92000003
230,2021/22Q3,S08000028,,Drug,,1,0.0,0.0,0.0,0.0,0.0,0.0,100.0,0.0,0.0,0.0,0.0,S08000028,NHS Western Isles,20140401,,S92000003
