,Month,IVF centre,Patients waiting,Number of patients waiting 0 to 13 weeks,Number of patients waiting 14 to 26 weeks,Number of patients waiting 27 to 39 weeks,Number of patients waiting 40 to 52 weeks,Number waiting over 52 weeks,Number waiting within 52 weeks,Percentage of people waiting 0 to 13 weeks,Percentage of people waiting 14 to 26 weeks,Percentage of people waiting 27 to 39 weeks,Percentage of people waiting 40 to 52 weeks,Percentage of people waiting over 52 weeks,Percentage waiting within 52 weeks
0,01/03/14,Scotland,,,,,,,,,,,,,
1,01/03/14,Aberdeen,74.0,,,,,,,,,,,,
2,01/03/14,Dundee,58.0,,,,,,,,,,,,
3,01/03/14,Edinburgh,264.0,,,,,2.0,,,,,,0.8,
4,01/03/14,Glasgow,,,,,,,,,,,,,
5,01/04/14,Scotland,,,,,,,,,,,,,
6,01/04/14,Aberdeen,82.0,,,,,1.0,,,,,,1.2,
7,01/04/14,Dundee,65.0,,,,,,,,,,,,
8,01/04/14,Edinburgh,271.0,,,,,2.0,,,,,,0.7,
9,01/04/14,Glasgow,,,,,,,,,,,,,
10,01/05/14,Scotland,,,,,,,,,,,,,
11,01/05/14,Aberdeen,96.0,,,,,,,,,,,,
12,01/05/14,Dundee,87.0,,,,,,,,,,,,
13,01/05/14,Edinburgh,291.0,,,,,2.0,,,,,,0.7,
14,01/05/14,Glasgow,,,,,,,,,,,,,
15,01/06/14,Scotland,,,,,,,,,,,,,
16,01/06/14,Aberdeen,106.0,,,,,,,,,,,,
17,01/06/14,Dundee,79.0,,,,,,,,,,,,
18,01/06/14,Edinburgh,289.0,,,,,,,,,,,,
19,01/06/14,Glasgow,,,,,,,,,,,,,
20,01/07/14,Scotland,,,,,,,,,,,,,
21,01/07/14,Aberdeen,99.0,,,,,1.0,,,,,,1.0,
22,01/07/14,Dundee,77.0,,,,,,,,,,,,
23,01/07/14,Edinburgh,337.0,,,,,3.0,,,,,,0.9,
24,01/07/14,Glasgow,,,,,,,,,,,,,
25,01/08/14,Scotland,,,,,,,,,,,,,
26,01/08/14,Aberdeen,98.0,,,,,1.0,,,,,,1.0,
27,01/08/14,Dundee,71.0,,,,,,,,,,,,
28,01/08/14,Edinburgh,316.0,,,,,3.0,,,,,,0.9,
29,01/08/14,Glasgow,,,,,,,,,,,,,
30,01/09/14,Scotland,,,,,,,,,,,,,
31,01/09/14,Aberdeen,87.0,,,,,,,,,,,,
32,01/09/14,Dundee,68.0,,,,,,,,,,,,
33,01/09/14,Edinburgh,285.0,,,,,2.0,,,,,,0.7,
34,01/09/14,Glasgow,,,,,,,,,,,,,
35,01/10/14,Scotland,,,,,,,,,,,,,
36,01/10/14,Aberdeen,73.0,,,,,,,,,,,,
37,01/10/14,Dundee,95.0,,,,,,,,,,,,
38,01/10/14,Edinburgh,253.0,,,,,2.0,,,,,,0.8,
39,01/10/14,Glasgow,,,,,,,,,,,,,
40,01/11/14,Scotland,,,,,,,,,,,,,
41,01/11/14,Aberdeen,69.0,,,,,,,,,,,,
42,01/11/14,Dundee,83.0,,,,,,,,,,,,
43,01/11/14,Edinburgh,220.0,,,,,3.0,,,,,,1.4,
44,01/11/14,Glasgow,,,,,,,,,,,,,
45,01/12/14,Scotland,,,,,,,,,,,,,
46,01/12/14,Aberdeen,83.0,,,,,,,,,,,,
47,01/12/14,Dundee,85.0,,,,,,,,,,,,
48,01/12/14,Edinburgh,208.0,,,,,2.0,,,,,,1.0,
49,01/12/14,Glasgow,,,,,,,,,,,,,
50,01/01/15,Scotland,,,,,,,,,,,,,
51,01/01/15,Aberdeen,92.0,,,,,,,,,,,,
52,01/01/15,Dundee,91.0,,,,,,,,,,,,
53,01/01/15,Edinburgh,200.0,,,,,,,,,,,,
54,01/01/15,Glasgow,,,,,,,,,,,,,
55,01/02/15,Scotland,,,,,,,,,,,,,
56,01/02/15,Aberdeen,101.0,,,,,,,,,,,,
57,01/02/15,Dundee,83.0,,,,,,,,,,,,
58,01/02/15,Edinburgh,191.0,,,,,,,,,,,,
59,01/02/15,Glasgow,,,,,,,,,,,,,
60,01/03/15,Scotland,,,,,,,,,,,,,
61,01/03/15,Aberdeen,102.0,,,,,,,,,,,,
62,01/03/15,Dundee,80.0,,,,,,,,,,,,
63,01/03/15,Edinburgh,189.0,,,,,,,,,,,,
64,01/03/15,Glasgow,,,,,,,,,,,,,
65,01/04/15,Scotland,,,,,,,,,,,,,
66,01/04/15,Aberdeen,92.0,,,,,,,,,,,,
67,01/04/15,Dundee,104.0,,,,,,,,,,,,
68,01/04/15,Edinburgh,179.0,,,,,,,,,,,,
69,01/04/15,Glasgow,,,,,,,,,,,,,
70,01/05/15,Scotland,,,,,,,,,,,,,
71,01/05/15,Aberdeen,103.0,,,,,,,,,,,,
72,01/05/15,Dundee,102.0,,,,,,,,,,,,
73,01/05/15,Edinburgh,191.0,,,,,,,,,,,,
74,01/05/15,Glasgow,,,,,,,,,,,,,
75,01/06/15,Scotland,,,,,,,,,,,,,
76,01/06/15,Aberdeen,94.0,,,,,,,,,,,,
77,01/06/15,Dundee,88.0,,,,,,,,,,,,
78,01/06/15,Edinburgh,205.0,,,,,,,,,,,,
79,01/06/15,Glasgow,,,,,,,,,,,,,
80,01/07/15,Scotland,,,,,,,,,,,,,
81,01/07/15,Aberdeen,98.0,,,,,,,,,,,,
82,01/07/15,Dundee,94.0,,,,,,,,,,,,
83,01/07/15,Edinburgh,194.0,,,,,,,,,,,,
84,01/07/15,Glasgow,,,,,,,,,,,,,
85,01/08/15,Scotland,,,,,,,,,,,,,
86,01/08/15,Aberdeen,96.0,,,,,,,,,,,,
87,01/08/15,Dundee,107.0,,,,,,,,,,,,
88,01/08/15,Edinburgh,195.0,,,,,,,,,,,,
89,01/08/15,Glasgow,,,,,,,,,,,,,
90,01/09/15,Scotland,,,,,,,,,,,,,
91,01/09/15,Aberdeen,93.0,,,,,,,,,,,,
92,01/09/15,Dundee,84.0,,,,,,,,,,,,
93,01/09/15,Edinburgh,218.0,,,,,,,,,,,,
94,01/09/15,Glasgow,,,,,,,,,,,,,
95,01/10/15,Scotland,893.0,191.0,169.0,150.0,,1.0,892.0,21.4,18.9,16.8,,0.1,99.9
96,01/10/15,Aberdeen,98.0,,,,,,,,,,,,
97,01/10/15,Dundee,69.0,,,,,,,,,,,,
98,01/10/15,Edinburgh,215.0,,,,,,,,,,,,
99,01/10/15,Glasgow,511.0,191.0,169.0,150.0,,1.0,510.0,37.4,33.1,29.4,,0.2,99.8
100,01/11/15,Scotland,897.0,222.0,152.0,137.0,1.0,,897.0,24.7,16.9,15.3,0.1,,100.0
101,01/11/15,Aberdeen,83.0,,,,,,,,,,,,
102,01/11/15,Dundee,63.0,,,,,,,,,,,,
103,01/11/15,Edinburgh,239.0,,,,,,,,,,,,
104,01/11/15,Glasgow,512.0,222.0,152.0,137.0,1.0,,512.0,43.4,29.7,26.8,0.2,,100.0
105,01/12/15,Scotland,850.0,193.0,156.0,122.0,1.0,1.0,849.0,22.7,18.4,14.4,0.1,0.1,99.9
106,01/12/15,Aberdeen,83.0,,,,,,,,,,,,
107,01/12/15,Dundee,49.0,,,,,,,,,,,,
108,01/12/15,Edinburgh,246.0,,,,,1.0,,,,,,0.4,
109,01/12/15,Glasgow,472.0,193.0,156.0,122.0,1.0,,472.0,40.9,33.1,25.8,0.2,,100.0
110,01/01/16,Scotland,872.0,181.0,166.0,99.0,2.0,,872.0,20.8,19.0,11.4,0.2,,100.0
111,01/01/16,Aberdeen,107.0,,,,,,,,,,,,
112,01/01/16,Dundee,72.0,,,,,,,,,,,,
113,01/01/16,Edinburgh,245.0,,,,,,,,,,,,
114,01/01/16,Glasgow,448.0,181.0,166.0,99.0,2.0,,448.0,40.4,37.1,22.1,0.4,,100.0
115,01/02/16,Scotland,885.0,204.0,201.0,67.0,,,885.0,23.1,22.7,7.6,,,100.0
116,01/02/16,Aberdeen,96.0,,,,,,,,,,,,
117,01/02/16,Dundee,73.0,,,,,,,,,,,,
118,01/02/16,Edinburgh,244.0,,,,,,,,,,,,
119,01/02/16,Glasgow,472.0,204.0,201.0,67.0,,,472.0,43.2,42.6,14.2,,,100.0
120,01/03/16,Scotland,876.0,260.0,181.0,50.0,1.0,,876.0,29.7,20.7,5.7,0.1,,100.0
121,01/03/16,Aberdeen,97.0,,,,,,,,,,,,
122,01/03/16,Dundee,89.0,,,,,,,,,,,,
123,01/03/16,Edinburgh,198.0,,,,,,,,,,,,
124,01/03/16,Glasgow,492.0,260.0,181.0,50.0,1.0,,492.0,52.8,36.8,10.2,0.2,,100.0
125,01/04/16,Scotland,822.0,428.0,311.0,77.0,6.0,,822.0,52.1,37.8,9.4,0.7,,100.0
126,01/04/16,Aberdeen,86.0,57.0,25.0,2.0,2.0,,86.0,66.3,29.1,2.3,2.3,,100.0
127,01/04/16,Dundee,78.0,58.0,20.0,,,,78.0,74.4,25.6,,,,100.0
128,01/04/16,Edinburgh,177.0,45.0,99.0,30.0,3.0,,177.0,25.4,55.9,16.9,1.7,,100.0
129,01/04/16,Glasgow,481.0,268.0,167.0,45.0,1.0,,481.0,55.7,34.7,9.4,0.2,,100.0
130,01/05/16,Scotland,829.0,434.0,311.0,78.0,5.0,1.0,828.0,52.4,37.5,9.4,0.6,0.1,99.9
131,01/05/16,Aberdeen,87.0,58.0,27.0,,2.0,,87.0,66.7,31.0,,2.3,,100.0
132,01/05/16,Dundee,81.0,55.0,25.0,,1.0,,81.0,67.9,30.9,,1.2,,100.0
133,01/05/16,Edinburgh,195.0,57.0,81.0,55.0,1.0,1.0,194.0,29.2,41.5,28.2,0.5,0.5,99.5
134,01/05/16,Glasgow,466.0,264.0,178.0,23.0,1.0,,466.0,56.7,38.2,4.9,0.2,,100.0
135,01/06/16,Scotland,867.0,456.0,343.0,66.0,1.0,1.0,866.0,52.6,39.6,7.6,0.1,0.1,99.9
136,01/06/16,Aberdeen,90.0,66.0,24.0,,,,90.0,73.3,26.7,,,,100.0
137,01/06/16,Dundee,78.0,50.0,27.0,1.0,,,78.0,64.1,34.6,1.3,,,100.0
138,01/06/16,Edinburgh,216.0,73.0,86.0,55.0,1.0,1.0,215.0,33.8,39.8,25.5,0.5,0.5,99.5
139,01/06/16,Glasgow,483.0,267.0,206.0,10.0,,,483.0,55.3,42.7,2.1,,,100.0
140,01/07/16,Scotland,848.0,427.0,338.0,80.0,3.0,,848.0,50.4,39.9,9.4,0.4,,100.0
141,01/07/16,Aberdeen,97.0,69.0,28.0,,,,97.0,71.1,28.9,,,,100.0
142,01/07/16,Dundee,82.0,62.0,18.0,1.0,1.0,,82.0,75.6,22.0,1.2,1.2,,100.0
143,01/07/16,Edinburgh,219.0,68.0,82.0,67.0,2.0,,219.0,31.1,37.4,30.6,0.9,,100.0
144,01/07/16,Glasgow,450.0,228.0,210.0,12.0,,,450.0,50.7,46.7,2.7,,,100.0
145,01/08/16,Scotland,829.0,422.0,336.0,67.0,4.0,,829.0,50.9,40.5,8.1,0.5,,100.0
146,01/08/16,Aberdeen,123.0,85.0,36.0,2.0,,,123.0,69.1,29.3,1.6,,,100.0
147,01/08/16,Dundee,93.0,58.0,34.0,1.0,,,93.0,62.4,36.6,1.1,,,100.0
148,01/08/16,Edinburgh,200.0,49.0,93.0,54.0,4.0,,200.0,24.5,46.5,27.0,2.0,,100.0
149,01/08/16,Glasgow,413.0,230.0,173.0,10.0,,,413.0,55.7,41.9,2.4,,,100.0
150,01/09/16,Scotland,819.0,418.0,347.0,50.0,3.0,1.0,818.0,51.0,42.4,6.1,0.4,0.1,99.9
151,01/09/16,Aberdeen,120.0,71.0,48.0,1.0,,,120.0,59.2,40.0,0.8,,,100.0
152,01/09/16,Dundee,88.0,44.0,42.0,2.0,,,88.0,50.0,47.7,2.3,,,100.0
153,01/09/16,Edinburgh,215.0,78.0,92.0,41.0,3.0,1.0,214.0,36.3,42.8,19.1,1.4,0.5,99.5
154,01/09/16,Glasgow,396.0,225.0,165.0,6.0,,,396.0,56.8,41.7,1.5,,,100.0
155,01/10/16,Scotland,730.0,446.0,247.0,33.0,3.0,1.0,729.0,61.1,33.8,4.5,0.4,0.1,99.9
156,01/10/16,Aberdeen,96.0,96.0,,,,,96.0,100.0,,,,,100.0
157,01/10/16,Dundee,77.0,40.0,36.0,1.0,,,77.0,51.9,46.8,1.3,,,100.0
158,01/10/16,Edinburgh,198.0,76.0,91.0,29.0,1.0,1.0,197.0,38.4,46.0,14.6,0.5,0.5,99.5
159,01/10/16,Glasgow,359.0,234.0,120.0,3.0,2.0,,359.0,65.2,33.4,0.8,0.6,,100.0
160,01/11/16,Scotland,700.0,425.0,237.0,32.0,5.0,1.0,699.0,60.7,33.9,4.6,0.7,0.1,99.9
161,01/11/16,Aberdeen,97.0,49.0,41.0,7.0,,,97.0,50.5,42.3,7.2,,,100.0
162,01/11/16,Dundee,82.0,43.0,39.0,,,,82.0,52.4,47.6,,,,100.0
163,01/11/16,Edinburgh,176.0,67.0,82.0,24.0,2.0,1.0,175.0,38.1,46.6,13.6,1.1,0.6,99.4
164,01/11/16,Glasgow,345.0,266.0,75.0,1.0,3.0,,345.0,77.1,21.7,0.3,0.9,,100.0
165,01/12/16,Scotland,727.0,433.0,256.0,31.0,7.0,,727.0,59.6,35.2,4.3,1.0,,100.0
166,01/12/16,Aberdeen,100.0,61.0,34.0,5.0,,,100.0,61.0,34.0,5.0,,,100.0
167,01/12/16,Dundee,89.0,49.0,37.0,3.0,,,89.0,55.1,41.6,3.4,,,100.0
168,01/12/16,Edinburgh,182.0,61.0,95.0,22.0,4.0,,182.0,33.5,52.2,12.1,2.2,,100.0
169,01/12/16,Glasgow,356.0,262.0,90.0,1.0,3.0,,356.0,73.6,25.3,0.3,0.8,,100.0
170,01/01/17,Scotland,704.0,437.0,232.0,31.0,4.0,,704.0,62.1,33.0,4.4,0.6,,100.0
171,01/01/17,Aberdeen,104.0,82.0,16.0,6.0,,,104.0,78.8,15.4,5.8,,,100.0
172,01/01/17,Dundee,96.0,58.0,37.0,1.0,,,96.0,60.4,38.5,1.0,,,100.0
173,01/01/17,Edinburgh,170.0,47.0,96.0,24.0,3.0,,170.0,27.6,56.5,14.1,1.8,,100.0
174,01/01/17,Glasgow,334.0,250.0,83.0,,1.0,,334.0,74.9,24.9,,0.3,,100.0
175,01/02/17,Scotland,721.0,443.0,242.0,32.0,3.0,1.0,720.0,61.4,33.6,4.4,0.4,0.1,99.9
176,01/02/17,Aberdeen,115.0,99.0,11.0,5.0,,,115.0,86.1,9.6,4.3,,,100.0
177,01/02/17,Dundee,102.0,49.0,46.0,7.0,,,102.0,48.0,45.1,6.9,,,100.0
178,01/02/17,Edinburgh,160.0,39.0,97.0,20.0,3.0,1.0,159.0,24.4,60.6,12.5,1.9,0.6,99.4
179,01/02/17,Glasgow,344.0,256.0,88.0,,,,344.0,74.4,25.6,,,,100.0
180,01/03/17,Scotland,721.0,442.0,232.0,43.0,3.0,1.0,720.0,61.3,32.2,6.0,0.4,0.1,99.9
181,01/03/17,Aberdeen,121.0,78.0,35.0,7.0,1.0,,121.0,64.5,28.9,5.8,0.8,,100.0
182,01/03/17,Dundee,100.0,54.0,45.0,1.0,,,100.0,54.0,45.0,1.0,,,100.0
183,01/03/17,Edinburgh,170.0,57.0,78.0,32.0,2.0,1.0,169.0,33.5,45.9,18.8,1.2,0.6,99.4
184,01/03/17,Glasgow,330.0,253.0,74.0,3.0,,,330.0,76.7,22.4,0.9,,,100.0
185,01/04/17,Scotland,715.0,431.0,236.0,45.0,3.0,,715.0,60.3,33.0,6.3,0.4,,100.0
186,01/04/17,Aberdeen,112.0,62.0,42.0,6.0,2.0,,112.0,55.4,37.5,5.4,1.8,,100.0
187,01/04/17,Dundee,111.0,47.0,64.0,,,,111.0,42.3,57.7,,,,100.0
188,01/04/17,Edinburgh,174.0,66.0,68.0,39.0,1.0,,174.0,37.9,39.1,22.4,0.6,,100.0
189,01/04/17,Glasgow,318.0,256.0,62.0,,,,318.0,80.5,19.5,,,,100.0
190,01/05/17,Scotland,705.0,408.0,250.0,43.0,4.0,,705.0,57.9,35.5,6.1,0.6,,100.0
191,01/05/17,Aberdeen,105.0,56.0,37.0,8.0,4.0,,105.0,53.3,35.2,7.6,3.8,,100.0
192,01/05/17,Dundee,122.0,64.0,54.0,4.0,,,122.0,52.5,44.3,3.3,,,100.0
193,01/05/17,Edinburgh,144.0,44.0,70.0,30.0,,,144.0,30.6,48.6,20.8,,,100.0
194,01/05/17,Glasgow,334.0,244.0,89.0,1.0,,,334.0,73.1,26.6,0.3,,,100.0
195,01/06/17,Scotland,699.0,406.0,252.0,34.0,7.0,,699.0,58.1,36.1,4.9,1.0,,100.0
196,01/06/17,Aberdeen,89.0,55.0,22.0,7.0,5.0,,89.0,61.8,24.7,7.9,5.6,,100.0
197,01/06/17,Dundee,120.0,64.0,49.0,7.0,,,120.0,53.3,40.8,5.8,,,100.0
198,01/06/17,Edinburgh,155.0,54.0,79.0,20.0,2.0,,155.0,34.8,51.0,12.9,1.3,,100.0
199,01/06/17,Glasgow,335.0,233.0,102.0,,,,335.0,69.6,30.4,,,,100.0
200,01/07/17,Scotland,685.0,392.0,243.0,44.0,6.0,,685.0,57.2,35.5,6.4,0.9,,100.0
201,01/07/17,Aberdeen,91.0,57.0,22.0,7.0,5.0,,91.0,62.6,24.2,7.7,5.5,,100.0
202,01/07/17,Dundee,114.0,47.0,58.0,9.0,,,114.0,41.2,50.9,7.9,,,100.0
203,01/07/17,Edinburgh,181.0,70.0,82.0,28.0,1.0,,181.0,38.7,45.3,15.5,0.6,,100.0
204,01/07/17,Glasgow,299.0,218.0,81.0,,,,299.0,72.9,27.1,,,,100.0
205,01/08/17,Scotland,615.0,318.0,241.0,48.0,8.0,,615.0,51.7,39.2,7.8,1.3,,100.0
206,01/08/17,Aberdeen,101.0,70.0,17.0,8.0,6.0,,101.0,69.3,16.8,7.9,5.9,,100.0
207,01/08/17,Dundee,105.0,38.0,63.0,3.0,1.0,,105.0,36.2,60.0,2.9,1.0,,100.0
208,01/08/17,Edinburgh,155.0,36.0,81.0,37.0,1.0,,155.0,23.2,52.3,23.9,0.6,,100.0
209,01/08/17,Glasgow,254.0,174.0,80.0,,,,254.0,68.5,31.5,,,,100.0
210,01/09/17,Scotland,681.0,390.0,243.0,44.0,4.0,,681.0,57.3,35.7,6.5,0.6,,100.0
211,01/09/17,Aberdeen,99.0,74.0,20.0,3.0,2.0,,99.0,74.7,20.2,3.0,2.0,,100.0
212,01/09/17,Dundee,115.0,47.0,63.0,5.0,,,115.0,40.9,54.8,4.3,,,100.0
213,01/09/17,Edinburgh,170.0,52.0,80.0,36.0,2.0,,170.0,30.6,47.1,21.2,1.2,,100.0
214,01/09/17,Glasgow,297.0,217.0,80.0,,,,297.0,73.1,26.9,,,,100.0
215,01/10/17,Scotland,693.0,443.0,205.0,43.0,2.0,,693.0,63.9,29.6,6.2,0.3,,100.0
216,01/10/17,Aberdeen,73.0,64.0,7.0,1.0,1.0,,73.0,87.7,9.6,1.4,1.4,,100.0
217,01/10/17,Dundee,110.0,52.0,49.0,9.0,,,110.0,47.3,44.5,8.2,,,100.0
218,01/10/17,Edinburgh,166.0,62.0,71.0,32.0,1.0,,166.0,37.3,42.8,19.3,0.6,,100.0
219,01/10/17,Glasgow,344.0,265.0,78.0,1.0,,,344.0,77.0,22.7,0.3,,,100.0
220,01/11/17,Scotland,689.0,462.0,181.0,45.0,1.0,,689.0,67.1,26.3,6.5,0.1,,100.0
221,01/11/17,Aberdeen,76.0,66.0,10.0,,,,76.0,86.8,13.2,,,,100.0
222,01/11/17,Dundee,102.0,47.0,50.0,5.0,,,102.0,46.1,49.0,4.9,,,100.0
223,01/11/17,Edinburgh,160.0,60.0,59.0,40.0,1.0,,160.0,37.5,36.9,25.0,0.6,,100.0
224,01/11/17,Glasgow,351.0,289.0,62.0,,,,351.0,82.3,17.7,,,,100.0
225,01/12/17,Scotland,752.0,445.0,259.0,48.0,,,752.0,59.2,34.4,6.4,,,100.0
226,01/12/17,Aberdeen,89.0,62.0,27.0,,,,89.0,69.7,30.3,,,,100.0
227,01/12/17,Dundee,109.0,48.0,56.0,5.0,,,109.0,44.0,51.4,4.6,,,100.0
228,01/12/17,Edinburgh,180.0,64.0,74.0,42.0,,,180.0,35.6,41.1,23.3,,,100.0
229,01/12/17,Glasgow,374.0,271.0,102.0,1.0,,,374.0,72.5,27.3,0.3,,,100.0
230,01/01/18,Scotland,732.0,400.0,298.0,33.0,1.0,,732.0,54.6,40.7,4.5,0.1,,100.0
231,01/01/18,Aberdeen,102.0,72.0,30.0,,,,102.0,70.6,29.4,,,,100.0
232,01/01/18,Dundee,104.0,45.0,54.0,5.0,,,104.0,43.3,51.9,4.8,,,100.0
233,01/01/18,Edinburgh,168.0,54.0,85.0,28.0,1.0,,168.0,32.1,50.6,16.7,0.6,,100.0
234,01/01/18,Glasgow,358.0,229.0,129.0,,,,358.0,64.0,36.0,,,,100.0
235,01/02/18,Scotland,759.0,398.0,307.0,53.0,1.0,,759.0,52.4,40.4,7.0,0.1,,100.0
236,01/02/18,Aberdeen,115.0,77.0,38.0,,,,115.0,67.0,33.0,,,,100.0
237,01/02/18,Dundee,115.0,47.0,60.0,8.0,,,115.0,40.9,52.2,7.0,,,100.0
238,01/02/18,Edinburgh,180.0,44.0,90.0,45.0,1.0,,180.0,24.4,50.0,25.0,0.6,,100.0
239,01/02/18,Glasgow,349.0,230.0,119.0,,,,349.0,65.9,34.1,,,,100.0
240,01/03/18,Scotland,728.0,373.0,281.0,71.0,3.0,,728.0,51.2,38.6,9.8,0.4,,100.0
241,01/03/18,Aberdeen,110.0,78.0,28.0,4.0,,,110.0,70.9,25.5,3.6,,,100.0
242,01/03/18,Dundee,110.0,45.0,57.0,8.0,,,110.0,40.9,51.8,7.3,,,100.0
243,01/03/18,Edinburgh,171.0,34.0,75.0,59.0,3.0,,171.0,19.9,43.9,34.5,1.8,,100.0
244,01/03/18,Glasgow,337.0,216.0,121.0,,,,337.0,64.1,35.9,,,,100.0
245,01/04/18,Scotland,722.0,350.0,282.0,77.0,13.0,,722.0,48.5,39.1,10.7,1.8,,100.0
246,01/04/18,Aberdeen,123.0,75.0,43.0,5.0,,,123.0,61.0,35.0,4.1,,,100.0
247,01/04/18,Dundee,125.0,53.0,55.0,17.0,,,125.0,42.4,44.0,13.6,,,100.0
248,01/04/18,Edinburgh,149.0,6.0,75.0,55.0,13.0,,149.0,4.0,50.3,36.9,8.7,,100.0
249,01/04/18,Glasgow,325.0,216.0,109.0,,,,325.0,66.5,33.5,,,,100.0
250,01/05/18,Scotland,740.0,406.0,243.0,72.0,19.0,,740.0,54.9,32.8,9.7,2.6,,100.0
251,01/05/18,Aberdeen,122.0,87.0,35.0,,,,122.0,71.3,28.7,,,,100.0
252,01/05/18,Dundee,117.0,39.0,57.0,21.0,,,117.0,33.3,48.7,17.9,,,100.0
253,01/05/18,Edinburgh,186.0,60.0,57.0,50.0,19.0,,186.0,32.3,30.6,26.9,10.2,,100.0
254,01/05/18,Glasgow,315.0,220.0,94.0,1.0,,,315.0,69.8,29.8,0.3,,,100.0
255,01/06/18,Scotland,766.0,414.0,267.0,56.0,29.0,,766.0,54.0,34.9,7.3,3.8,,100.0
256,01/06/18,Aberdeen,126.0,85.0,41.0,,,,126.0,67.5,32.5,,,,100.0
257,01/06/18,Dundee,119.0,42.0,57.0,20.0,,,119.0,35.3,47.9,16.8,,,100.0
258,01/06/18,Edinburgh,177.0,47.0,65.0,36.0,29.0,,177.0,26.6,36.7,20.3,16.4,,100.0
259,01/06/18,Glasgow,344.0,240.0,104.0,,,,344.0,69.8,30.2,,,,100.0
260,01/07/18,Scotland,769.0,405.0,329.0,33.0,2.0,,769.0,52.7,42.8,4.3,0.3,,100.0
261,01/07/18,Aberdeen,122.0,76.0,46.0,,,,122.0,62.3,37.7,,,,100.0
262,01/07/18,Dundee,108.0,45.0,52.0,11.0,,,108.0,41.7,48.1,10.2,,,100.0
263,01/07/18,Edinburgh,210.0,64.0,122.0,22.0,2.0,,210.0,30.5,58.1,10.5,1.0,,100.0
264,01/07/18,Glasgow,329.0,220.0,109.0,,,,329.0,66.9,33.1,,,,100.0
265,01/08/18,Scotland,722.0,359.0,299.0,61.0,3.0,,722.0,49.7,41.4,8.4,0.4,,100.0
266,01/08/18,Aberdeen,126.0,63.0,60.0,2.0,1.0,,126.0,50.0,47.6,1.6,0.8,,100.0
267,01/08/18,Dundee,94.0,53.0,40.0,1.0,,,94.0,56.4,42.6,1.1,,,100.0
268,01/08/18,Edinburgh,186.0,42.0,84.0,58.0,2.0,,186.0,22.6,45.2,31.2,1.1,,100.0
269,01/08/18,Glasgow,316.0,201.0,115.0,,,,316.0,63.6,36.4,,,,100.0
270,01/09/18,Scotland,652.0,327.0,246.0,67.0,12.0,,652.0,50.2,37.7,10.3,1.8,,100.0
271,01/09/18,Aberdeen,118.0,58.0,57.0,3.0,,,118.0,49.2,48.3,2.5,,,100.0
272,01/09/18,Dundee,85.0,57.0,26.0,2.0,,,85.0,67.1,30.6,2.4,,,100.0
273,01/09/18,Edinburgh,159.0,19.0,66.0,62.0,12.0,,159.0,11.9,41.5,39.0,7.5,,100.0
274,01/09/18,Glasgow,290.0,193.0,97.0,,,,290.0,66.6,33.4,,,,100.0
275,01/10/18,Scotland,612.0,361.0,198.0,51.0,2.0,,612.0,59.0,32.4,8.3,0.3,,100.0
276,01/10/18,Aberdeen,123.0,74.0,44.0,5.0,,,123.0,60.2,35.8,4.1,,,100.0
277,01/10/18,Dundee,93.0,67.0,23.0,3.0,,,93.0,72.0,24.7,3.2,,,100.0
278,01/10/18,Edinburgh,114.0,15.0,55.0,42.0,2.0,,114.0,13.2,48.2,36.8,1.8,,100.0
279,01/10/18,Glasgow,282.0,205.0,76.0,1.0,,,282.0,72.7,27.0,0.4,,,100.0
280,01/11/18,Scotland,563.0,348.0,170.0,43.0,2.0,,563.0,61.8,30.2,7.6,0.4,,100.0
281,01/11/18,Aberdeen,115.0,76.0,38.0,1.0,,,115.0,66.1,33.0,0.9,,,100.0
282,01/11/18,Dundee,79.0,54.0,24.0,,1.0,,79.0,68.4,30.4,,1.3,,100.0
283,01/11/18,Edinburgh,98.0,7.0,48.0,42.0,1.0,,98.0,7.1,49.0,42.9,1.0,,100.0
284,01/11/18,Glasgow,271.0,211.0,60.0,,,,271.0,77.9,22.1,,,,100.0
285,01/12/18,Scotland,563.0,310.0,179.0,68.0,6.0,,563.0,55.1,31.8,12.1,1.1,,100.0
286,01/12/18,Aberdeen,111.0,64.0,42.0,4.0,1.0,,111.0,57.7,37.8,3.6,0.9,,100.0
287,01/12/18,Dundee,75.0,34.0,38.0,2.0,1.0,,75.0,45.3,50.7,2.7,1.3,,100.0
288,01/12/18,Edinburgh,106.0,1.0,40.0,61.0,4.0,,106.0,0.9,37.7,57.5,3.8,,100.0
289,01/12/18,Glasgow,271.0,211.0,59.0,1.0,,,271.0,77.9,21.8,0.4,,,100.0
290,01/01/19,Scotland,456.0,255.0,189.0,11.0,1.0,,456.0,55.9,41.4,2.4,0.2,,100.0
291,01/01/19,Aberdeen,130.0,70.0,53.0,7.0,,,130.0,53.8,40.8,5.4,,,100.0
292,01/01/19,Dundee,62.0,6.0,51.0,4.0,1.0,,62.0,9.7,82.3,6.5,1.6,,100.0
293,01/01/19,Edinburgh,,,,,,,,,,,,,
294,01/01/19,Glasgow,264.0,179.0,85.0,,,,264.0,67.8,32.2,,,,100.0
295,01/02/19,Scotland,649.0,325.0,231.0,87.0,6.0,,649.0,50.1,35.6,13.4,0.9,,100.0
296,01/02/19,Aberdeen,129.0,68.0,58.0,2.0,1.0,,129.0,52.7,45.0,1.6,0.8,,100.0
297,01/02/19,Dundee,78.0,30.0,45.0,3.0,,,78.0,38.5,57.7,3.8,,,100.0
298,01/02/19,Edinburgh,192.0,46.0,59.0,82.0,5.0,,192.0,24.0,30.7,42.7,2.6,,100.0
299,01/02/19,Glasgow,250.0,181.0,69.0,,,,250.0,72.4,27.6,,,,100.0
300,01/03/19,Scotland,679.0,369.0,187.0,108.0,15.0,,679.0,54.3,27.5,15.9,2.2,,100.0
301,01/03/19,Aberdeen,133.0,78.0,51.0,4.0,,,133.0,58.6,38.3,3.0,,,100.0
302,01/03/19,Dundee,108.0,34.0,24.0,47.0,3.0,,108.0,31.5,22.2,43.5,2.8,,100.0
303,01/03/19,Edinburgh,201.0,73.0,59.0,57.0,12.0,,201.0,36.3,29.4,28.4,6.0,,100.0
304,01/03/19,Glasgow,237.0,184.0,53.0,,,,237.0,77.6,22.4,,,,100.0
305,01/04/19,Scotland,651.0,377.0,192.0,57.0,25.0,,651.0,57.9,29.5,8.8,3.8,,100.0
306,01/04/19,Aberdeen,126.0,67.0,55.0,4.0,,,126.0,53.2,43.7,3.2,,,100.0
307,01/04/19,Dundee,50.0,30.0,16.0,2.0,2.0,,50.0,60.0,32.0,4.0,4.0,,100.0
308,01/04/19,Edinburgh,214.0,67.0,73.0,51.0,23.0,,214.0,31.3,34.1,23.8,10.7,,100.0
309,01/04/19,Glasgow,261.0,213.0,48.0,,,,261.0,81.6,18.4,,,,100.0
310,01/05/19,Scotland,747.0,420.0,232.0,63.0,32.0,,747.0,56.2,31.1,8.4,4.3,,100.0
311,01/05/19,Aberdeen,119.0,59.0,51.0,9.0,,,119.0,49.6,42.9,7.6,,,100.0
312,01/05/19,Dundee,108.0,77.0,29.0,2.0,,,108.0,71.3,26.9,1.9,,,100.0
313,01/05/19,Edinburgh,241.0,76.0,81.0,52.0,32.0,,241.0,31.5,33.6,21.6,13.3,,100.0
314,01/05/19,Glasgow,279.0,208.0,71.0,,,,279.0,74.6,25.4,,,,100.0
315,01/06/19,Scotland,760.0,400.0,267.0,67.0,26.0,,760.0,52.6,35.1,8.8,3.4,,100.0
316,01/06/19,Aberdeen,117.0,48.0,59.0,10.0,,,117.0,41.0,50.4,8.5,,,100.0
317,01/06/19,Dundee,93.0,54.0,37.0,2.0,,,93.0,58.1,39.8,2.2,,,100.0
318,01/06/19,Edinburgh,252.0,83.0,88.0,55.0,26.0,,252.0,32.9,34.9,21.8,10.3,,100.0
319,01/06/19,Glasgow,298.0,215.0,83.0,,,,298.0,72.1,27.9,,,,100.0
320,01/07/19,Scotland,718.0,381.0,240.0,81.0,16.0,,718.0,53.1,33.4,11.3,2.2,,100.0
321,01/07/19,Aberdeen,127.0,50.0,60.0,17.0,,,127.0,39.4,47.2,13.4,,,100.0
322,01/07/19,Dundee,86.0,52.0,31.0,2.0,1.0,,86.0,60.5,36.0,2.3,1.2,,100.0
323,01/07/19,Edinburgh,235.0,71.0,87.0,62.0,15.0,,235.0,30.2,37.0,26.4,6.4,,100.0
324,01/07/19,Glasgow,270.0,208.0,62.0,,,,270.0,77.0,23.0,,,,100.0
325,01/08/19,Scotland,753.0,391.0,254.0,84.0,24.0,,753.0,51.9,33.7,11.2,3.2,,100.0
326,01/08/19,Aberdeen,117.0,43.0,54.0,19.0,1.0,,117.0,36.8,46.2,16.2,0.9,,100.0
327,01/08/19,Dundee,107.0,54.0,50.0,1.0,2.0,,107.0,50.5,46.7,0.9,1.9,,100.0
328,01/08/19,Edinburgh,256.0,75.0,97.0,63.0,21.0,,256.0,29.3,37.9,24.6,8.2,,100.0
329,01/08/19,Glasgow,273.0,219.0,53.0,1.0,,,273.0,80.2,19.4,0.4,,,100.0
330,01/09/19,Scotland,731.0,387.0,228.0,102.0,14.0,,731.0,52.9,31.2,14.0,1.9,,100.0
331,01/09/19,Aberdeen,108.0,46.0,48.0,14.0,,,108.0,42.6,44.4,13.0,,,100.0
332,01/09/19,Dundee,118.0,73.0,43.0,2.0,,,118.0,61.9,36.4,1.7,,,100.0
333,01/09/19,Edinburgh,237.0,45.0,92.0,86.0,14.0,,237.0,19.0,38.8,36.3,5.9,,100.0
334,01/09/19,Glasgow,268.0,223.0,45.0,,,,268.0,83.2,16.8,,,,100.0
335,01/10/19,Scotland,802.0,511.0,167.0,116.0,8.0,,802.0,63.7,20.8,14.5,1.0,,100.0
336,01/10/19,Aberdeen,118.0,56.0,38.0,24.0,,,118.0,47.5,32.2,20.3,,,100.0
337,01/10/19,Dundee,139.0,126.0,12.0,1.0,,,139.0,90.6,8.6,0.7,,,100.0
338,01/10/19,Edinburgh,281.0,107.0,77.0,89.0,8.0,,281.0,38.1,27.4,31.7,2.8,,100.0
339,01/10/19,Glasgow,264.0,222.0,40.0,2.0,,,264.0,84.1,15.2,0.8,,,100.0
340,01/11/19,Scotland,779.0,511.0,157.0,100.0,9.0,2.0,777.0,65.6,20.2,12.8,1.2,0.3,99.7
341,01/11/19,Aberdeen,108.0,69.0,23.0,16.0,,,108.0,63.9,21.3,14.8,,,100.0
342,01/11/19,Dundee,133.0,121.0,10.0,2.0,,,133.0,91.0,7.5,1.5,,,100.0
343,01/11/19,Edinburgh,277.0,95.0,89.0,82.0,9.0,2.0,275.0,34.3,32.1,29.6,3.2,0.7,99.3
344,01/11/19,Glasgow,261.0,226.0,35.0,,,,261.0,86.6,13.4,,,,100.0
345,01/12/19,Scotland,774.0,478.0,188.0,97.0,10.0,1.0,773.0,61.8,24.3,12.5,1.3,0.1,99.9
346,01/12/19,Aberdeen,97.0,55.0,35.0,7.0,,,97.0,56.7,36.1,7.2,,,100.0
347,01/12/19,Dundee,125.0,101.0,24.0,,,,125.0,80.8,19.2,,,,100.0
348,01/12/19,Edinburgh,280.0,91.0,88.0,90.0,10.0,1.0,279.0,32.5,31.4,32.1,3.6,0.4,99.6
349,01/12/19,Glasgow,272.0,231.0,41.0,,,,272.0,84.9,15.1,,,,100.0
350,01/01/20,Scotland,811.0,470.0,240.0,79.0,22.0,,811.0,58.0,29.6,9.7,2.7,,100.0
351,01/01/20,Aberdeen,101.0,59.0,40.0,2.0,,,101.0,58.4,39.6,2.0,,,100.0
352,01/01/20,Dundee,117.0,88.0,28.0,1.0,,,117.0,75.2,23.9,0.9,,,100.0
353,01/01/20,Edinburgh,276.0,82.0,97.0,75.0,22.0,,276.0,29.7,35.1,27.2,8.0,,100.0
354,01/01/20,Glasgow,317.0,241.0,75.0,1.0,,,317.0,76.0,23.7,0.3,,,100.0
355,01/02/20,Scotland,755.0,443.0,227.0,81.0,4.0,,755.0,58.7,30.1,10.7,0.5,,100.0
356,01/02/20,Aberdeen,91.0,47.0,40.0,4.0,,,91.0,51.6,44.0,4.4,,,100.0
357,01/02/20,Dundee,106.0,91.0,15.0,,,,106.0,85.8,14.2,,,,100.0
358,01/02/20,Edinburgh,253.0,88.0,84.0,77.0,4.0,,253.0,34.8,33.2,30.4,1.6,,100.0
359,01/02/20,Glasgow,305.0,217.0,88.0,,,,305.0,71.1,28.9,,,,100.0
360,01/03/20,Scotland,781.0,425.0,255.0,92.0,9.0,,781.0,54.4,32.7,11.8,1.2,,100.0
361,01/03/20,Aberdeen,67.0,32.0,28.0,7.0,,,67.0,47.8,41.8,10.4,,,100.0
362,01/03/20,Dundee,126.0,87.0,36.0,2.0,1.0,,126.0,69.0,28.6,1.6,0.8,,100.0
363,01/03/20,Edinburgh,256.0,83.0,82.0,83.0,8.0,,256.0,32.4,32.0,32.4,3.1,,100.0
364,01/03/20,Glasgow,332.0,223.0,109.0,,,,332.0,67.2,32.8,,,,100.0
365,01/04/20,Scotland,814.0,334.0,323.0,128.0,29.0,,814.0,41.0,39.7,15.7,3.6,,100.0
366,01/04/20,Aberdeen,79.0,37.0,29.0,13.0,,,79.0,46.8,36.7,16.5,,,100.0
367,01/04/20,Dundee,120.0,51.0,67.0,2.0,,,120.0,42.5,55.8,1.7,,,100.0
368,01/04/20,Edinburgh,268.0,69.0,73.0,97.0,29.0,,268.0,25.7,27.2,36.2,10.8,,100.0
369,01/04/20,Glasgow,347.0,177.0,154.0,16.0,,,347.0,51.0,44.4,4.6,,,100.0
370,01/05/20,Scotland,868.0,218.0,410.0,178.0,61.0,1.0,867.0,25.1,47.2,20.5,7.0,0.1,99.9
371,01/05/20,Aberdeen,111.0,54.0,40.0,15.0,2.0,,111.0,48.6,36.0,13.5,1.8,,100.0
372,01/05/20,Dundee,123.0,19.0,86.0,18.0,,,123.0,15.4,69.9,14.6,,,100.0
373,01/05/20,Edinburgh,280.0,52.0,83.0,85.0,59.0,1.0,279.0,18.6,29.6,30.4,21.1,0.4,99.6
374,01/05/20,Glasgow,354.0,93.0,201.0,60.0,,,354.0,26.3,56.8,16.9,,,100.0
375,01/06/20,Scotland,946.0,210.0,420.0,234.0,82.0,,946.0,22.2,44.4,24.7,8.7,,100.0
376,01/06/20,Aberdeen,129.0,63.0,37.0,25.0,4.0,,129.0,48.8,28.7,19.4,3.1,,100.0
377,01/06/20,Dundee,131.0,27.0,86.0,18.0,,,131.0,20.6,65.6,13.7,,,100.0
378,01/06/20,Edinburgh,285.0,46.0,78.0,83.0,78.0,,285.0,16.1,27.4,29.1,27.4,,100.0
379,01/06/20,Glasgow,401.0,74.0,219.0,108.0,,,401.0,18.5,54.6,26.9,,,100.0
380,01/07/20,Scotland,921.0,212.0,312.0,299.0,98.0,,921.0,23.0,33.9,32.5,10.6,,100.0
381,01/07/20,Aberdeen,132.0,58.0,34.0,29.0,11.0,,132.0,43.9,25.8,22.0,8.3,,100.0
382,01/07/20,Dundee,116.0,24.0,64.0,27.0,1.0,,116.0,20.7,55.2,23.3,0.9,,100.0
383,01/07/20,Edinburgh,223.0,24.0,51.0,78.0,70.0,,223.0,10.8,22.9,35.0,31.4,,100.0
384,01/07/20,Glasgow,450.0,106.0,163.0,165.0,16.0,,450.0,23.6,36.2,36.7,3.6,,100.0
385,01/08/20,Scotland,910.0,268.0,205.0,336.0,101.0,,910.0,29.5,22.5,36.9,11.1,,100.0
386,01/08/20,Aberdeen,130.0,44.0,52.0,28.0,6.0,,130.0,33.8,40.0,21.5,4.6,,100.0
387,01/08/20,Dundee,111.0,41.0,20.0,49.0,1.0,,111.0,36.9,18.0,44.1,0.9,,100.0
388,01/08/20,Edinburgh,212.0,38.0,44.0,64.0,66.0,,212.0,17.9,20.8,30.2,31.1,,100.0
389,01/08/20,Glasgow,457.0,145.0,89.0,195.0,28.0,,457.0,31.7,19.5,42.7,6.1,,100.0
390,01/09/20,Scotland,885.0,316.0,184.0,332.0,53.0,,885.0,35.7,20.8,37.5,6.0,,100.0
391,01/09/20,Aberdeen,127.0,53.0,53.0,16.0,5.0,,127.0,41.7,41.7,12.6,3.9,,100.0
392,01/09/20,Dundee,112.0,48.0,16.0,46.0,2.0,,112.0,42.9,14.3,41.1,1.8,,100.0
393,01/09/20,Edinburgh,173.0,45.0,44.0,66.0,18.0,,173.0,26.0,25.4,38.2,10.4,,100.0
394,01/09/20,Glasgow,473.0,170.0,71.0,204.0,28.0,,473.0,35.9,15.0,43.1,5.9,,100.0
395,01/10/20,Scotland,821.0,329.0,224.0,206.0,62.0,,821.0,40.1,27.3,25.1,7.6,,100.0
396,01/10/20,Aberdeen,104.0,47.0,51.0,3.0,3.0,,104.0,45.2,49.0,2.9,2.9,,100.0
397,01/10/20,Dundee,112.0,51.0,27.0,24.0,10.0,,112.0,45.5,24.1,21.4,8.9,,100.0
398,01/10/20,Edinburgh,121.0,40.0,42.0,34.0,5.0,,121.0,33.1,34.7,28.1,4.1,,100.0
399,01/10/20,Glasgow,484.0,191.0,104.0,145.0,44.0,,484.0,39.5,21.5,30.0,9.1,,100.0
400,01/11/20,Scotland,761.0,360.0,241.0,86.0,74.0,,761.0,47.3,31.7,11.3,9.7,,100.0
401,01/11/20,Aberdeen,90.0,47.0,37.0,5.0,1.0,,90.0,52.2,41.1,5.6,1.1,,100.0
402,01/11/20,Dundee,65.0,45.0,19.0,,1.0,,65.0,69.2,29.2,,1.5,,100.0
403,01/11/20,Edinburgh,98.0,45.0,50.0,2.0,1.0,,98.0,45.9,51.0,2.0,1.0,,100.0
404,01/11/20,Glasgow,508.0,223.0,135.0,79.0,71.0,,508.0,43.9,26.6,15.6,14.0,,100.0
405,01/12/20,Scotland,788.0,356.0,274.0,82.0,76.0,,788.0,45.2,34.8,10.4,9.6,,100.0
406,01/12/20,Aberdeen,76.0,42.0,31.0,2.0,1.0,,76.0,55.3,40.8,2.6,1.3,,100.0
407,01/12/20,Dundee,90.0,47.0,40.0,3.0,,,90.0,52.2,44.4,3.3,,,100.0
408,01/12/20,Edinburgh,109.0,42.0,53.0,13.0,1.0,,109.0,38.5,48.6,11.9,0.9,,100.0
409,01/12/20,Glasgow,513.0,225.0,150.0,64.0,74.0,,513.0,43.9,29.2,12.5,14.4,,100.0
410,01/01/21,Scotland,808.0,406.0,245.0,115.0,39.0,3.0,805.0,50.2,30.3,14.2,4.8,0.4,99.6
411,01/01/21,Aberdeen,47.0,43.0,3.0,,1.0,,47.0,91.5,6.4,,2.1,,100.0
412,01/01/21,Dundee,83.0,63.0,19.0,1.0,,,83.0,75.9,22.9,1.2,,,100.0
413,01/01/21,Edinburgh,190.0,96.0,61.0,26.0,4.0,3.0,187.0,50.5,32.1,13.7,2.1,1.6,98.4
414,01/01/21,Glasgow,488.0,204.0,162.0,88.0,34.0,,488.0,41.8,33.2,18.0,7.0,,100.0
415,01/02/21,Scotland,847.0,446.0,271.0,123.0,4.0,3.0,844.0,52.7,32.0,14.5,0.5,0.4,99.6
416,01/02/21,Aberdeen,57.0,54.0,3.0,,,,57.0,94.7,5.3,,,,100.0
417,01/02/21,Dundee,98.0,71.0,25.0,2.0,,,98.0,72.4,25.5,2.0,,,100.0
418,01/02/21,Edinburgh,208.0,110.0,59.0,32.0,4.0,3.0,205.0,52.9,28.4,15.4,1.9,1.4,98.6
419,01/02/21,Glasgow,484.0,211.0,184.0,89.0,,,484.0,43.6,38.0,18.4,,,100.0
420,01/03/21,Scotland,878.0,466.0,289.0,118.0,1.0,4.0,874.0,53.1,32.9,13.4,0.1,0.5,99.5
421,01/03/21,Aberdeen,54.0,50.0,1.0,3.0,,,54.0,92.6,1.9,5.6,,,100.0
422,01/03/21,Dundee,104.0,78.0,26.0,,,,104.0,75.0,25.0,,,,100.0
423,01/03/21,Edinburgh,226.0,115.0,67.0,40.0,,4.0,222.0,50.9,29.6,17.7,,1.8,98.2
424,01/03/21,Glasgow,494.0,223.0,195.0,75.0,1.0,,494.0,45.1,39.5,15.2,0.2,,100.0
425,01/04/21,Scotland,853.0,448.0,288.0,113.0,,4.0,849.0,52.5,33.8,13.2,,0.5,99.5
426,01/04/21,Aberdeen,57.0,53.0,1.0,3.0,,,57.0,93.0,1.8,5.3,,,100.0
427,01/04/21,Dundee,93.0,63.0,30.0,,,,93.0,67.7,32.3,,,,100.0
428,01/04/21,Edinburgh,242.0,108.0,86.0,44.0,,4.0,238.0,44.6,35.5,18.2,,1.7,98.3
429,01/04/21,Glasgow,461.0,224.0,171.0,66.0,,,461.0,48.6,37.1,14.3,,,100.0
430,01/05/21,Scotland,850.0,449.0,297.0,100.0,,4.0,846.0,52.8,34.9,11.8,,0.5,99.5
431,01/05/21,Aberdeen,74.0,70.0,1.0,3.0,,,74.0,94.6,1.4,4.1,,,100.0
432,01/05/21,Dundee,89.0,63.0,25.0,1.0,,,89.0,70.8,28.1,1.1,,,100.0
433,01/05/21,Edinburgh,244.0,108.0,105.0,27.0,,4.0,240.0,44.3,43.0,11.1,,1.6,98.4
434,01/05/21,Glasgow,443.0,208.0,166.0,69.0,,,443.0,47.0,37.5,15.6,,,100.0
435,01/06/21,Scotland,883.0,467.0,313.0,97.0,2.0,4.0,879.0,52.9,35.4,11.0,0.2,0.5,99.5
436,01/06/21,Aberdeen,78.0,77.0,,,1.0,,78.0,98.7,,,1.3,,100.0
437,01/06/21,Dundee,93.0,63.0,29.0,1.0,,,93.0,67.7,31.2,1.1,,,100.0
438,01/06/21,Edinburgh,267.0,120.0,112.0,30.0,1.0,4.0,263.0,44.9,41.9,11.2,0.4,1.5,98.5
439,01/06/21,Glasgow,445.0,207.0,172.0,66.0,,,445.0,46.5,38.7,14.8,,,100.0
440,01/07/21,Scotland,902.0,525.0,301.0,69.0,3.0,4.0,898.0,58.2,33.4,7.6,0.3,0.4,99.6
441,01/07/21,Aberdeen,88.0,87.0,,,1.0,,88.0,98.9,,,1.1,,100.0
442,01/07/21,Dundee,98.0,77.0,19.0,2.0,,,98.0,78.6,19.4,2.0,,,100.0
443,01/07/21,Edinburgh,274.0,127.0,110.0,31.0,2.0,4.0,270.0,46.4,40.1,11.3,0.7,1.5,98.5
444,01/07/21,Glasgow,442.0,234.0,172.0,36.0,,,442.0,52.9,38.9,8.1,,,100.0
445,01/08/21,Scotland,890.0,506.0,309.0,68.0,3.0,4.0,886.0,56.9,34.7,7.6,0.3,0.4,99.6
446,01/08/21,Aberdeen,86.0,83.0,3.0,,,,86.0,96.5,3.5,,,,100.0
447,01/08/21,Dundee,93.0,57.0,36.0,,,,93.0,61.3,38.7,,,,100.0
448,01/08/21,Edinburgh,267.0,125.0,110.0,25.0,3.0,4.0,263.0,46.8,41.2,9.4,1.1,1.5,98.5
449,01/08/21,Glasgow,444.0,241.0,160.0,43.0,,,444.0,54.3,36.0,9.7,,,100.0
450,01/09/21,Scotland,897.0,473.0,322.0,96.0,2.0,4.0,893.0,52.7,35.9,10.7,0.2,0.4,99.6
451,01/09/21,Aberdeen,99.0,92.0,7.0,,,,99.0,92.9,7.1,,,,100.0
452,01/09/21,Dundee,97.0,51.0,44.0,2.0,,,97.0,52.6,45.4,2.1,,,100.0
453,01/09/21,Edinburgh,267.0,107.0,115.0,39.0,2.0,4.0,263.0,40.1,43.1,14.6,0.7,1.5,98.5
454,01/09/21,Glasgow,434.0,223.0,156.0,55.0,,,434.0,51.4,35.9,12.7,,,100.0
455,01/10/21,Scotland,901.0,437.0,343.0,114.0,2.0,5.0,896.0,48.5,38.1,12.7,0.2,0.6,99.4
456,01/10/21,Aberdeen,90.0,72.0,18.0,,,,90.0,80.0,20.0,,,,100.0
457,01/10/21,Dundee,90.0,46.0,43.0,1.0,,,90.0,51.1,47.8,1.1,,,100.0
458,01/10/21,Edinburgh,280.0,106.0,112.0,56.0,1.0,5.0,275.0,37.9,40.0,20.0,0.4,1.8,98.2
459,01/10/21,Glasgow,441.0,213.0,170.0,57.0,1.0,,441.0,48.3,38.5,12.9,0.2,,100.0
460,01/11/21,Scotland,875.0,459.0,315.0,94.0,1.0,6.0,869.0,52.5,36.0,10.7,0.1,0.7,99.3
461,01/11/21,Aberdeen,86.0,82.0,3.0,1.0,,,86.0,95.3,3.5,1.2,,,100.0
462,01/11/21,Dundee,75.0,44.0,30.0,1.0,,,75.0,58.7,40.0,1.3,,,100.0
463,01/11/21,Edinburgh,274.0,114.0,103.0,51.0,,6.0,268.0,41.6,37.6,18.6,,2.2,97.8
464,01/11/21,Glasgow,440.0,219.0,179.0,41.0,1.0,,440.0,49.8,40.7,9.3,0.2,,100.0
465,01/12/21,Scotland,895.0,472.0,308.0,108.0,1.0,6.0,889.0,52.7,34.4,12.1,0.1,0.7,99.3
466,01/12/21,Aberdeen,106.0,94.0,11.0,1.0,,,106.0,88.7,10.4,0.9,,,100.0
467,01/12/21,Dundee,91.0,41.0,44.0,5.0,1.0,,91.0,45.1,48.4,5.5,1.1,,100.0
468,01/12/21,Edinburgh,262.0,98.0,93.0,65.0,,6.0,256.0,37.4,35.5,24.8,,2.3,97.7
469,01/12/21,Glasgow,436.0,239.0,160.0,37.0,,,436.0,54.8,36.7,8.5,,,100.0
470,01/01/22,Scotland,858.0,454.0,300.0,96.0,2.0,6.0,852.0,52.9,35.0,11.2,0.2,0.7,99.3
471,01/01/22,Aberdeen,95.0,86.0,8.0,1.0,,,95.0,90.5,8.4,1.1,,,100.0
472,01/01/22,Dundee,81.0,31.0,44.0,5.0,1.0,,81.0,38.3,54.3,6.2,1.2,,100.0
473,01/01/22,Edinburgh,254.0,100.0,96.0,52.0,,6.0,248.0,39.4,37.8,20.5,,2.4,97.6
474,01/01/22,Glasgow,428.0,237.0,152.0,38.0,1.0,,428.0,55.4,35.5,8.9,0.2,,100.0
475,01/02/22,Scotland,822.0,458.0,301.0,56.0,1.0,6.0,816.0,55.7,36.6,6.8,0.1,0.7,99.3
476,01/02/22,Aberdeen,61.0,58.0,3.0,,,,61.0,95.1,4.9,,,,100.0
477,01/02/22,Dundee,86.0,45.0,36.0,4.0,1.0,,86.0,52.3,41.9,4.7,1.2,,100.0
478,01/02/22,Edinburgh,256.0,115.0,107.0,28.0,,6.0,250.0,44.9,41.8,10.9,,2.3,97.7
479,01/02/22,Glasgow,419.0,240.0,155.0,24.0,,,419.0,57.3,37.0,5.7,,,100.0
480,01/03/22,Scotland,833.0,497.0,288.0,40.0,2.0,6.0,827.0,59.7,34.6,4.8,0.2,0.7,99.3
481,01/03/22,Aberdeen,69.0,65.0,3.0,1.0,,,69.0,94.2,4.3,1.4,,,100.0
482,01/03/22,Dundee,93.0,53.0,32.0,7.0,1.0,,93.0,57.0,34.4,7.5,1.1,,100.0
483,01/03/22,Edinburgh,237.0,127.0,81.0,22.0,1.0,6.0,231.0,53.6,34.2,9.3,0.4,2.5,97.5
484,01/03/22,Glasgow,434.0,252.0,172.0,10.0,,,434.0,58.1,39.6,2.3,,,100.0
485,01/04/22,Scotland,847.0,548.0,254.0,35.0,4.0,6.0,841.0,64.7,30.0,4.1,0.5,0.7,99.3
486,01/04/22,Aberdeen,72.0,68.0,3.0,1.0,,,72.0,94.4,4.2,1.4,,,100.0
487,01/04/22,Dundee,107.0,71.0,25.0,10.0,1.0,,107.0,66.4,23.4,9.3,0.9,,100.0
488,01/04/22,Edinburgh,226.0,138.0,66.0,14.0,2.0,6.0,220.0,61.1,29.2,6.2,0.9,2.7,97.3
489,01/04/22,Glasgow,442.0,271.0,160.0,10.0,1.0,,442.0,61.3,36.2,2.3,0.2,,100.0
490,01/05/22,Scotland,810.0,500.0,274.0,25.0,5.0,6.0,804.0,61.7,33.8,3.1,0.6,0.7,99.3
491,01/05/22,Aberdeen,74.0,72.0,1.0,1.0,,,74.0,97.3,1.4,1.4,,,100.0
492,01/05/22,Dundee,92.0,63.0,26.0,2.0,1.0,,92.0,68.5,28.3,2.2,1.1,,100.0
493,01/05/22,Edinburgh,202.0,108.0,78.0,8.0,2.0,6.0,196.0,53.5,38.6,4.0,1.0,3.0,97.0
494,01/05/22,Glasgow,442.0,257.0,169.0,14.0,2.0,,442.0,58.1,38.2,3.2,0.5,,100.0
495,01/06/22,Scotland,800.0,485.0,288.0,19.0,3.0,5.0,795.0,60.6,36.0,2.4,0.4,0.6,99.4
496,01/06/22,Aberdeen,74.0,66.0,7.0,,1.0,,74.0,89.2,9.5,,1.4,,100.0
497,01/06/22,Dundee,106.0,73.0,29.0,3.0,1.0,,106.0,68.9,27.4,2.8,0.9,,100.0
498,01/06/22,Edinburgh,188.0,109.0,70.0,4.0,,5.0,183.0,58.0,37.2,2.1,,2.7,97.3
499,01/06/22,Glasgow,432.0,237.0,182.0,12.0,1.0,,432.0,54.9,42.1,2.8,0.2,,100.0
500,01/07/22,Scotland,810.0,471.0,327.0,9.0,2.0,1.0,809.0,58.1,40.4,1.1,0.2,0.1,99.9
501,01/07/22,Aberdeen,73.0,69.0,3.0,,1.0,,73.0,94.5,4.1,,1.4,,100.0
502,01/07/22,Dundee,132.0,81.0,46.0,4.0,1.0,,132.0,61.4,34.8,3.0,0.8,,100.0
503,01/07/22,Edinburgh,176.0,93.0,81.0,2.0,,,176.0,52.8,46.0,1.1,,,100.0
504,01/07/22,Glasgow,429.0,228.0,197.0,3.0,,1.0,428.0,53.1,45.9,0.7,,0.2,99.8
505,01/08/22,Scotland,788.0,453.0,306.0,26.0,2.0,1.0,787.0,57.5,38.8,3.3,0.3,0.1,99.9
506,01/08/22,Aberdeen,72.0,60.0,11.0,,1.0,,72.0,83.3,15.3,,1.4,,100.0
507,01/08/22,Dundee,127.0,74.0,45.0,7.0,1.0,,127.0,58.3,35.4,5.5,0.8,,100.0
508,01/08/22,Edinburgh,173.0,95.0,76.0,2.0,,,173.0,54.9,43.9,1.2,,,100.0
509,01/08/22,Glasgow,416.0,224.0,174.0,17.0,,1.0,415.0,53.8,41.8,4.1,,0.2,99.8
510,01/09/22,Scotland,802.0,448.0,328.0,24.0,,2.0,800.0,55.9,40.9,3.0,,0.2,99.8
511,01/09/22,Aberdeen,65.0,57.0,6.0,1.0,,1.0,64.0,87.7,9.2,1.5,,1.5,98.5
512,01/09/22,Dundee,130.0,70.0,57.0,3.0,,,130.0,53.8,43.8,2.3,,,100.0
513,01/09/22,Edinburgh,191.0,103.0,84.0,4.0,,,191.0,53.9,44.0,2.1,,,100.0
514,01/09/22,Glasgow,416.0,218.0,181.0,16.0,,1.0,415.0,52.4,43.5,3.8,,0.2,99.8
515,01/10/22,Scotland,842.0,454.0,343.0,43.0,1.0,1.0,841.0,53.9,40.7,5.1,0.1,0.1,99.9
516,01/10/22,Aberdeen,72.0,51.0,20.0,,,1.0,71.0,70.8,27.8,,,1.4,98.6
517,01/10/22,Dundee,131.0,58.0,67.0,5.0,1.0,,131.0,44.3,51.1,3.8,0.8,,100.0
518,01/10/22,Edinburgh,222.0,124.0,84.0,14.0,,,222.0,55.9,37.8,6.3,,,100.0
519,01/10/22,Glasgow,417.0,221.0,172.0,24.0,,,417.0,53.0,41.2,5.8,,,100.0
520,01/11/22,Scotland,884.0,498.0,320.0,62.0,3.0,1.0,883.0,56.3,36.2,7.0,0.3,0.1,99.9
521,01/11/22,Aberdeen,74.0,61.0,12.0,,,1.0,73.0,82.4,16.2,,,1.4,98.6
522,01/11/22,Dundee,127.0,59.0,59.0,7.0,2.0,,127.0,46.5,46.5,5.5,1.6,,100.0
523,01/11/22,Edinburgh,221.0,109.0,84.0,28.0,,,221.0,49.3,38.0,12.7,,,100.0
524,01/11/22,Glasgow,462.0,269.0,165.0,27.0,1.0,,462.0,58.2,35.7,5.8,0.2,,100.0
525,01/12/22,Scotland,886.0,459.0,316.0,109.0,1.0,1.0,885.0,51.8,35.7,12.3,0.1,0.1,99.9
526,01/12/22,Aberdeen,78.0,65.0,12.0,,,1.0,77.0,83.3,15.4,,,1.3,98.7
527,01/12/22,Dundee,108.0,57.0,49.0,2.0,,,108.0,52.8,45.4,1.9,,,100.0
528,01/12/22,Edinburgh,232.0,80.0,90.0,61.0,1.0,,232.0,34.5,38.8,26.3,0.4,,100.0
529,01/12/22,Glasgow,468.0,257.0,165.0,46.0,,,468.0,54.9,35.3,9.8,,,100.0
530,01/01/23,Scotland,914.0,474.0,323.0,110.0,6.0,1.0,913.0,51.9,35.3,12.0,0.7,0.1,99.9
531,01/01/23,Aberdeen,84.0,69.0,14.0,,,1.0,83.0,82.1,16.7,,,1.2,98.8
532,01/01/23,Dundee,122.0,71.0,46.0,4.0,1.0,,122.0,58.2,37.7,3.3,0.8,,100.0
533,01/01/23,Edinburgh,241.0,72.0,107.0,58.0,4.0,,241.0,29.9,44.4,24.1,1.7,,100.0
534,01/01/23,Glasgow,467.0,262.0,156.0,48.0,1.0,,467.0,56.1,33.4,10.3,0.2,,100.0
535,01/02/23,Scotland,954.0,487.0,372.0,91.0,4.0,,954.0,51.0,39.0,9.5,0.4,,100.0
536,01/02/23,Aberdeen,105.0,86.0,19.0,,,,105.0,81.9,18.1,,,,100.0
537,01/02/23,Dundee,125.0,72.0,51.0,2.0,,,125.0,57.6,40.8,1.6,,,100.0
538,01/02/23,Edinburgh,270.0,105.0,101.0,60.0,4.0,,270.0,38.9,37.4,22.2,1.5,,100.0
539,01/02/23,Glasgow,454.0,224.0,201.0,29.0,,,454.0,49.3,44.3,6.4,,,100.0
540,01/03/23,Scotland,993.0,516.0,343.0,128.0,6.0,,993.0,52.0,34.5,12.9,0.6,,100.0
541,01/03/23,Aberdeen,111.0,93.0,18.0,,,,111.0,83.8,16.2,,,,100.0
542,01/03/23,Dundee,136.0,75.0,55.0,6.0,,,136.0,55.1,40.4,4.4,,,100.0
543,01/03/23,Edinburgh,289.0,124.0,75.0,84.0,6.0,,289.0,42.9,26.0,29.1,2.1,,100.0
544,01/03/23,Glasgow,457.0,224.0,195.0,38.0,,,457.0,49.0,42.7,8.3,,,100.0
545,01/04/23,Scotland,974.0,503.0,317.0,147.0,5.0,2.0,972.0,51.6,32.5,15.1,0.5,0.2,99.8
546,01/04/23,Aberdeen,97.0,82.0,14.0,1.0,,,97.0,84.5,14.4,1.0,,,100.0
547,01/04/23,Dundee,136.0,69.0,61.0,6.0,,,136.0,50.7,44.9,4.4,,,100.0
548,01/04/23,Edinburgh,297.0,123.0,65.0,102.0,5.0,2.0,295.0,41.4,21.9,34.3,1.7,0.7,99.3
549,01/04/23,Glasgow,444.0,229.0,177.0,38.0,,,444.0,51.6,39.9,8.6,,,100.0
550,01/05/23,Scotland,988.0,502.0,339.0,143.0,2.0,2.0,986.0,50.8,34.3,14.5,0.2,0.2,99.8
551,01/05/23,Aberdeen,91.0,72.0,19.0,,,,91.0,79.1,20.9,,,,100.0
552,01/05/23,Dundee,144.0,71.0,67.0,6.0,,,144.0,49.3,46.5,4.2,,,100.0
553,01/05/23,Edinburgh,284.0,100.0,96.0,84.0,2.0,2.0,282.0,35.2,33.8,29.6,0.7,0.7,99.3
554,01/05/23,Glasgow,469.0,259.0,157.0,53.0,,,469.0,55.2,33.5,11.3,,,100.0
555,01/06/23,Scotland,964.0,462.0,351.0,145.0,5.0,1.0,963.0,47.9,36.4,15.0,0.5,0.1,99.9
556,01/06/23,Aberdeen,72.0,59.0,13.0,,,,72.0,81.9,18.1,,,,100.0
557,01/06/23,Dundee,160.0,77.0,66.0,17.0,,,160.0,48.1,41.2,10.6,,,100.0
558,01/06/23,Edinburgh,282.0,87.0,112.0,77.0,5.0,1.0,281.0,30.9,39.7,27.3,1.8,0.4,99.6
559,01/06/23,Glasgow,450.0,239.0,160.0,51.0,,,450.0,53.1,35.6,11.3,,,100.0
560,01/07/23,Scotland,941.0,467.0,336.0,121.0,16.0,1.0,940.0,49.6,35.7,12.9,1.7,0.1,99.9
561,01/07/23,Aberdeen,65.0,63.0,1.0,1.0,,,65.0,96.9,1.5,1.5,,,100.0
562,01/07/23,Dundee,170.0,78.0,65.0,27.0,,,170.0,45.9,38.2,15.9,,,100.0
563,01/07/23,Edinburgh,276.0,99.0,110.0,51.0,15.0,1.0,275.0,35.9,39.9,18.5,5.4,0.4,99.6
564,01/07/23,Glasgow,430.0,227.0,160.0,42.0,1.0,,430.0,52.8,37.2,9.8,0.2,,100.0
565,01/08/23,Scotland,896.0,413.0,327.0,146.0,10.0,,896.0,46.1,36.5,16.3,1.1,,100.0
566,01/08/23,Aberdeen,50.0,47.0,3.0,,,,50.0,94.0,6.0,,,,100.0
567,01/08/23,Dundee,166.0,71.0,70.0,25.0,,,166.0,42.8,42.2,15.1,,,100.0
568,01/08/23,Edinburgh,272.0,93.0,85.0,85.0,9.0,,272.0,34.2,31.2,31.2,3.3,,100.0
569,01/08/23,Glasgow,408.0,202.0,169.0,36.0,1.0,,408.0,49.5,41.4,8.8,0.2,,100.0
570,01/09/23,Scotland,907.0,427.0,309.0,164.0,7.0,,907.0,47.1,34.1,18.1,0.8,,100.0
571,01/09/23,Aberdeen,75.0,71.0,4.0,,,,75.0,94.7,5.3,,,,100.0
572,01/09/23,Dundee,169.0,63.0,72.0,33.0,1.0,,169.0,37.3,42.6,19.5,0.6,,100.0
573,01/09/23,Edinburgh,270.0,98.0,73.0,93.0,6.0,,270.0,36.3,27.0,34.4,2.2,,100.0
574,01/09/23,Glasgow,393.0,195.0,160.0,38.0,,,393.0,49.6,40.7,9.7,,,100.0
575,01/10/23,Scotland,908.0,454.0,314.0,135.0,5.0,,908.0,50.0,34.6,14.9,0.6,,100.0
576,01/10/23,Aberdeen,76.0,64.0,12.0,,,,76.0,84.2,15.8,,,,100.0
577,01/10/23,Dundee,171.0,72.0,74.0,23.0,2.0,,171.0,42.1,43.3,13.5,1.2,,100.0
578,01/10/23,Edinburgh,266.0,99.0,84.0,80.0,3.0,,266.0,37.2,31.6,30.1,1.1,,100.0
579,01/10/23,Glasgow,395.0,219.0,144.0,32.0,,,395.0,55.4,36.5,8.1,,,100.0
580,01/11/23,Scotland,858.0,457.0,268.0,127.0,6.0,,858.0,53.3,31.2,14.8,0.7,,100.0
581,01/11/23,Aberdeen,59.0,56.0,3.0,,,,59.0,94.9,5.1,,,,100.0
582,01/11/23,Dundee,167.0,71.0,71.0,23.0,2.0,,167.0,42.5,42.5,13.8,1.2,,100.0
583,01/11/23,Edinburgh,252.0,113.0,74.0,62.0,3.0,,252.0,44.8,29.4,24.6,1.2,,100.0
584,01/11/23,Glasgow,380.0,217.0,120.0,42.0,1.0,,380.0,57.1,31.6,11.1,0.3,,100.0
585,01/12/23,Scotland,822.0,435.0,275.0,108.0,4.0,,822.0,52.9,33.5,13.1,0.5,,100.0
586,01/12/23,Aberdeen,54.0,46.0,7.0,1.0,,,54.0,85.2,13.0,1.9,,,100.0
587,01/12/23,Dundee,149.0,67.0,63.0,18.0,1.0,,149.0,45.0,42.3,12.1,0.7,,100.0
588,01/12/23,Edinburgh,248.0,105.0,87.0,53.0,3.0,,248.0,42.3,35.1,21.4,1.2,,100.0
589,01/12/23,Glasgow,371.0,217.0,118.0,36.0,,,371.0,58.5,31.8,9.7,,,100.0
590,01/01/24,Scotland,,,,,,,,,,,,,
591,01/01/24,Aberdeen,54.0,51.0,2.0,1.0,,,54.0,94.4,3.7,1.9,,,100.0
592,01/01/24,Dundee,149.0,58.0,69.0,21.0,1.0,,149.0,38.9,46.3,14.1,0.7,,100.0
593,01/01/24,Edinburgh,252.0,101.0,82.0,68.0,1.0,,252.0,40.1,32.5,27.0,0.4,,100.0
594,01/01/24,Glasgow,,,,,,,,,,,,,
595,01/02/24,Scotland,,,,,,,,,,,,,
596,01/02/24,Aberdeen,65.0,64.0,,1.0,,,65.0,98.5,,1.5,,,100.0
597,01/02/24,Dundee,146.0,64.0,66.0,16.0,,,146.0,43.8,45.2,11.0,,,100.0
598,01/02/24,Edinburgh,250.0,96.0,95.0,59.0,,,250.0,38.4,38.0,23.6,,,100.0
599,01/02/24,Glasgow,,,,,,,,,,,,,
600,01/03/24,Scotland,,,,,,,,,,,,,
601,01/03/24,Aberdeen,67.0,67.0,,,,,67.0,100.0,,,,,100.0
602,01/03/24,Dundee,153.0,67.0,66.0,19.0,1.0,,153.0,43.8,43.1,12.4,0.7,,100.0
603,01/03/24,Edinburgh,253.0,101.0,92.0,59.0,1.0,,253.0,39.9,36.4,23.3,0.4,,100.0
604,01/03/24,Glasgow,,,,,,,,,,,,,
605,01/04/24,Scotland,,,,,,,,,,,,,
606,01/04/24,Aberdeen,57.0,57.0,,,,,57.0,100.0,,,,,100.0
607,01/04/24,Dundee,137.0,59.0,58.0,19.0,1.0,,137.0,43.1,42.3,13.9,0.7,,100.0
608,01/04/24,Edinburgh,246.0,102.0,89.0,55.0,,,246.0,41.5,36.2,22.4,,,100.0
609,01/04/24,Glasgow,,,,,,,,,,,,,
610,01/05/24,Scotland,,,,,,,,,,,,,
611,01/05/24,Aberdeen,58.0,56.0,2.0,,,,58.0,96.6,3.4,,,,100.0
612,01/05/24,Dundee,130.0,57.0,60.0,12.0,1.0,,130.0,43.8,46.2,9.2,0.8,,100.0
613,01/05/24,Edinburgh,244.0,99.0,89.0,53.0,3.0,,244.0,40.6,36.5,21.7,1.2,,100.0
614,01/05/24,Glasgow,,,,,,,,,,,,,
615,01/06/24,Scotland,,,,,,,,,,,,,
616,01/06/24,Aberdeen,63.0,59.0,4.0,,,,63.0,93.7,6.3,,,,100.0
617,01/06/24,Dundee,113.0,35.0,67.0,10.0,,1.0,112.0,31.0,59.3,8.8,,0.9,99.1
618,01/06/24,Edinburgh,220.0,76.0,92.0,50.0,2.0,,220.0,34.5,41.8,22.7,0.9,,100.0
619,01/06/24,Glasgow,,,,,,,,,,,,,
