,HB,Month,Total number of patients waiting,Number of patients waiting from 0 to 18 weeks,Number of patients waiting between 36 and 52 weeks,Number of patients waiting more than 52 weeks,Health board
0,S08000015,01/12/21,425.0,417.0,0.0,1.0,NHS Ayrshire and Arran
1,S08000015,01/11/21,326.0,320.0,0.0,1.0,NHS Ayrshire and Arran
2,S08000015,01/10/21,303.0,293.0,0.0,2.0,NHS Ayrshire and Arran
3,S08000015,01/09/21,267.0,264.0,0.0,2.0,NHS Ayrshire and Arran
4,S08000015,01/08/21,284.0,282.0,0.0,2.0,NHS Ayrshire and Arran
5,S08000015,01/07/21,317.0,314.0,1.0,1.0,NHS Ayrshire and Arran
6,S08000015,01/06/21,343.0,340.0,0.0,1.0,NHS Ayrshire and Arran
7,S08000015,01/05/21,302.0,297.0,0.0,1.0,NHS Ayrshire and Arran
8,S08000015,01/04/21,269.0,261.0,1.0,4.0,NHS Ayrshire and Arran
9,S08000015,01/03/21,267.0,262.0,0.0,3.0,NHS Ayrshire and Arran
10,S08000015,01/02/21,232.0,225.0,0.0,4.0,NHS Ayrshire and Arran
11,S08000015,01/01/21,230.0,219.0,0.0,3.0,NHS Ayrshire and Arran
12,S08000015,01/12/20,249.0,237.0,4.0,4.0,NHS Ayrshire and Arran
13,S08000015,01/11/20,243.0,233.0,3.0,5.0,NHS Ayrshire and Arran
14,S08000015,01/10/20,228.0,213.0,4.0,5.0,NHS Ayrshire and Arran
15,S08000015,01/09/20,176.0,155.0,3.0,5.0,NHS Ayrshire and Arran
16,S08000015,01/08/20,140.0,115.0,3.0,4.0,NHS Ayrshire and Arran
17,S08000015,01/07/20,96.0,65.0,5.0,5.0,NHS Ayrshire and Arran
18,S08000015,01/06/20,93.0,65.0,3.0,5.0,NHS Ayrshire and Arran
19,S08000015,01/05/20,74.0,56.0,2.0,5.0,NHS Ayrshire and Arran
20,S08000015,01/04/20,112.0,99.0,3.0,2.0,NHS Ayrshire and Arran
21,S08000015,01/03/20,150.0,137.0,3.0,3.0,NHS Ayrshire and Arran
22,S08000015,01/02/20,142.0,132.0,4.0,2.0,NHS Ayrshire and Arran
23,S08000015,01/01/20,205.0,189.0,8.0,3.0,NHS Ayrshire and Arran
24,S08000015,01/12/19,227.0,213.0,6.0,2.0,NHS Ayrshire and Arran
25,S08000015,01/11/19,223.0,206.0,7.0,0.0,NHS Ayrshire and Arran
26,S08000015,01/10/19,260.0,231.0,3.0,0.0,NHS Ayrshire and Arran
27,S08000015,01/09/19,235.0,198.0,2.0,0.0,NHS Ayrshire and Arran
28,S08000015,01/08/19,297.0,243.0,3.0,2.0,NHS Ayrshire and Arran
29,S08000015,01/07/19,336.0,263.0,1.0,1.0,NHS Ayrshire and Arran
30,S08000015,01/06/19,406.0,345.0,2.0,0.0,NHS Ayrshire and Arran
31,S08000015,01/05/19,401.0,369.0,3.0,1.0,NHS Ayrshire and Arran
32,S08000015,01/04/19,398.0,362.0,5.0,0.0,NHS Ayrshire and Arran
33,S08000015,01/03/19,527.0,445.0,20.0,2.0,NHS Ayrshire and Arran
34,S08000015,01/02/19,483.0,407.0,14.0,1.0,NHS Ayrshire and Arran
35,S08000015,01/01/19,470.0,411.0,8.0,1.0,NHS Ayrshire and Arran
36,S08000015,01/12/18,457.0,421.0,4.0,0.0,NHS Ayrshire and Arran
37,S08000015,01/11/18,443.0,398.0,2.0,1.0,NHS Ayrshire and Arran
38,S08000015,01/10/18,366.0,336.0,2.0,3.0,NHS Ayrshire and Arran
39,S08000015,01/09/18,333.0,315.0,2.0,3.0,NHS Ayrshire and Arran
40,S08000015,01/08/18,273.0,255.0,2.0,2.0,NHS Ayrshire and Arran
41,S08000015,01/07/18,306.0,293.0,3.0,1.0,NHS Ayrshire and Arran
42,S08000015,01/06/18,322.0,307.0,3.0,1.0,NHS Ayrshire and Arran
43,S08000015,01/05/18,321.0,305.0,5.0,0.0,NHS Ayrshire and Arran
44,S08000015,01/04/18,367.0,343.0,4.0,0.0,NHS Ayrshire and Arran
45,S08000015,01/03/18,353.0,335.0,2.0,0.0,NHS Ayrshire and Arran
46,S08000015,01/02/18,372.0,362.0,1.0,1.0,NHS Ayrshire and Arran
47,S08000015,01/01/18,355.0,343.0,3.0,0.0,NHS Ayrshire and Arran
48,S08000015,01/12/17,313.0,305.0,3.0,0.0,NHS Ayrshire and Arran
49,S08000015,01/11/17,293.0,282.0,3.0,2.0,NHS Ayrshire and Arran
50,S08000015,01/10/17,292.0,268.0,3.0,3.0,NHS Ayrshire and Arran
51,S08000015,01/09/17,263.0,242.0,2.0,2.0,NHS Ayrshire and Arran
52,S08000015,01/08/17,258.0,236.0,2.0,2.0,NHS Ayrshire and Arran
53,S08000015,01/07/17,296.0,273.0,3.0,2.0,NHS Ayrshire and Arran
54,S08000015,01/06/17,306.0,296.0,4.0,1.0,NHS Ayrshire and Arran
55,S08000015,01/05/17,306.0,293.0,7.0,0.0,NHS Ayrshire and Arran
56,S08000015,01/04/17,326.0,311.0,7.0,1.0,NHS Ayrshire and Arran
57,S08000015,01/03/17,348.0,328.0,7.0,1.0,NHS Ayrshire and Arran
58,S08000015,01/02/17,333.0,313.0,8.0,1.0,NHS Ayrshire and Arran
59,S08000015,01/01/17,324.0,302.0,1.0,1.0,NHS Ayrshire and Arran
60,S08000015,01/12/16,313.0,286.0,3.0,0.0,NHS Ayrshire and Arran
61,S08000015,01/11/16,317.0,286.0,1.0,0.0,NHS Ayrshire and Arran
62,S08000015,01/10/16,334.0,305.0,2.0,0.0,NHS Ayrshire and Arran
63,S08000015,01/09/16,352.0,333.0,1.0,0.0,NHS Ayrshire and Arran
64,S08000015,01/08/16,301.0,281.0,4.0,0.0,NHS Ayrshire and Arran
65,S08000015,01/07/16,342.0,308.0,4.0,0.0,NHS Ayrshire and Arran
66,S08000015,01/06/16,385.0,348.0,2.0,0.0,NHS Ayrshire and Arran
67,S08000015,01/05/16,357.0,336.0,1.0,0.0,NHS Ayrshire and Arran
68,S08000015,01/04/16,328.0,315.0,0.0,0.0,NHS Ayrshire and Arran
69,S08000015,01/03/16,298.0,293.0,0.0,0.0,NHS Ayrshire and Arran
70,S08000015,01/02/16,318.0,310.0,1.0,0.0,NHS Ayrshire and Arran
71,S08000015,01/01/16,281.0,271.0,0.0,0.0,NHS Ayrshire and Arran
72,S08000015,01/12/15,284.0,258.0,1.0,1.0,NHS Ayrshire and Arran
73,S08000015,01/11/15,235.0,218.0,0.0,2.0,NHS Ayrshire and Arran
74,S08000015,01/10/15,199.0,189.0,0.0,0.0,NHS Ayrshire and Arran
75,S08000015,01/09/15,177.0,171.0,0.0,0.0,NHS Ayrshire and Arran
76,S08000015,01/08/15,151.0,147.0,0.0,0.0,NHS Ayrshire and Arran
77,S08000015,01/07/15,142.0,131.0,0.0,1.0,NHS Ayrshire and Arran
78,S08000015,01/06/15,224.0,207.0,2.0,3.0,NHS Ayrshire and Arran
79,S08000015,01/05/15,228.0,223.0,1.0,0.0,NHS Ayrshire and Arran
80,S08000015,01/04/15,223.0,213.0,0.0,3.0,NHS Ayrshire and Arran
81,S08000015,01/03/15,222.0,221.0,0.0,0.0,NHS Ayrshire and Arran
82,S08000015,01/02/15,209.0,197.0,1.0,2.0,NHS Ayrshire and Arran
83,S08000015,01/01/15,171.0,160.0,2.0,0.0,NHS Ayrshire and Arran
84,S08000015,01/12/14,204.0,184.0,9.0,0.0,NHS Ayrshire and Arran
85,S08000015,01/11/14,195.0,180.0,7.0,0.0,NHS Ayrshire and Arran
86,S08000015,01/10/14,275.0,223.0,26.0,3.0,NHS Ayrshire and Arran
87,S08000015,01/09/14,330.0,231.0,23.0,6.0,NHS Ayrshire and Arran
88,S08000015,01/08/14,400.0,247.0,40.0,7.0,NHS Ayrshire and Arran
89,S08000015,01/07/14,455.0,292.0,29.0,8.0,NHS Ayrshire and Arran
90,S08000015,01/06/14,623.0,397.0,45.0,11.0,NHS Ayrshire and Arran
91,S08000015,01/05/14,741.0,411.0,117.0,19.0,NHS Ayrshire and Arran
92,S08000015,01/04/14,773.0,441.0,110.0,12.0,NHS Ayrshire and Arran
93,S08000015,01/03/14,755.0,471.0,95.0,4.0,NHS Ayrshire and Arran
94,S08000015,01/02/14,786.0,488.0,89.0,1.0,NHS Ayrshire and Arran
95,S08000015,01/01/14,708.0,430.0,71.0,1.0,NHS Ayrshire and Arran
96,S08000015,01/12/13,623.0,388.0,43.0,0.0,NHS Ayrshire and Arran
97,S08000015,01/11/13,518.0,331.0,21.0,0.0,NHS Ayrshire and Arran
98,S08000015,01/10/13,446.0,286.0,8.0,0.0,NHS Ayrshire and Arran
99,S08000015,01/09/13,407.0,290.0,1.0,0.0,NHS Ayrshire and Arran
100,S08000015,01/08/13,349.0,269.0,2.0,0.0,NHS Ayrshire and Arran
101,S08000015,01/07/13,319.0,254.0,2.0,0.0,NHS Ayrshire and Arran
102,S08000015,01/06/13,477.0,398.0,0.0,0.0,NHS Ayrshire and Arran
103,S08000015,01/05/13,437.0,391.0,0.0,0.0,NHS Ayrshire and Arran
104,S08000015,01/04/13,407.0,370.0,0.0,0.0,NHS Ayrshire and Arran
105,S08000015,01/03/13,414.0,366.0,0.0,0.0,NHS Ayrshire and Arran
106,S08000015,01/02/13,401.0,341.0,4.0,0.0,NHS Ayrshire and Arran
107,S08000015,01/01/13,396.0,342.0,3.0,0.0,NHS Ayrshire and Arran
108,S08000015,01/12/12,360.0,294.0,0.0,0.0,NHS Ayrshire and Arran
109,S08000015,01/11/12,313.0,261.0,4.0,0.0,NHS Ayrshire and Arran
110,S08000015,01/10/12,286.0,228.0,0.0,0.0,NHS Ayrshire and Arran
111,S08000015,01/09/12,284.0,210.0,10.0,2.0,NHS Ayrshire and Arran
112,S08000015,01/08/12,278.0,213.0,13.0,1.0,NHS Ayrshire and Arran
113,S08000015,01/07/12,259.0,178.0,10.0,1.0,NHS Ayrshire and Arran
114,S08000016,01/12/21,333.0,147.0,62.0,20.0,NHS Borders
115,S08000016,01/11/21,289.0,121.0,54.0,7.0,NHS Borders
116,S08000016,01/10/21,291.0,139.0,40.0,13.0,NHS Borders
117,S08000016,01/09/21,249.0,131.0,27.0,8.0,NHS Borders
118,S08000016,01/08/21,234.0,145.0,21.0,10.0,NHS Borders
119,S08000016,01/07/21,236.0,147.0,22.0,7.0,NHS Borders
120,S08000016,01/06/21,239.0,150.0,24.0,8.0,NHS Borders
121,S08000016,01/05/21,226.0,126.0,31.0,11.0,NHS Borders
122,S08000016,01/04/21,209.0,96.0,31.0,12.0,NHS Borders
123,S08000016,01/03/21,220.0,105.0,28.0,13.0,NHS Borders
124,S08000016,01/02/21,225.0,96.0,44.0,16.0,NHS Borders
125,S08000016,01/01/21,236.0,94.0,59.0,12.0,NHS Borders
126,S08000016,01/12/20,245.0,108.0,71.0,7.0,NHS Borders
127,S08000016,01/11/20,241.0,109.0,78.0,1.0,NHS Borders
128,S08000016,01/10/20,224.0,102.0,59.0,0.0,NHS Borders
129,S08000016,01/09/20,215.0,101.0,28.0,0.0,NHS Borders
130,S08000016,01/08/20,192.0,84.0,11.0,0.0,NHS Borders
131,S08000016,01/07/20,166.0,69.0,1.0,0.0,NHS Borders
132,S08000016,01/06/20,161.0,91.0,1.0,0.0,NHS Borders
133,S08000016,01/05/20,163.0,109.0,0.0,0.0,NHS Borders
134,S08000016,01/04/20,161.0,119.0,0.0,0.0,NHS Borders
135,S08000016,01/03/20,158.0,141.0,0.0,0.0,NHS Borders
136,S08000016,01/02/20,156.0,146.0,0.0,0.0,NHS Borders
137,S08000016,01/01/20,138.0,133.0,0.0,0.0,NHS Borders
138,S08000016,01/12/19,133.0,129.0,0.0,0.0,NHS Borders
139,S08000016,01/11/19,126.0,120.0,0.0,0.0,NHS Borders
140,S08000016,01/10/19,134.0,130.0,0.0,0.0,NHS Borders
141,S08000016,01/09/19,107.0,107.0,0.0,0.0,NHS Borders
142,S08000016,01/08/19,98.0,96.0,0.0,0.0,NHS Borders
143,S08000016,01/07/19,113.0,110.0,0.0,0.0,NHS Borders
144,S08000016,01/06/19,140.0,138.0,0.0,0.0,NHS Borders
145,S08000016,01/05/19,143.0,140.0,0.0,0.0,NHS Borders
146,S08000016,01/04/19,147.0,131.0,0.0,0.0,NHS Borders
147,S08000016,01/03/19,193.0,162.0,0.0,0.0,NHS Borders
148,S08000016,01/02/19,192.0,153.0,0.0,0.0,NHS Borders
149,S08000016,01/01/19,197.0,147.0,1.0,0.0,NHS Borders
150,S08000016,01/12/18,198.0,155.0,0.0,0.0,NHS Borders
151,S08000016,01/11/18,200.0,156.0,0.0,0.0,NHS Borders
152,S08000016,01/10/18,185.0,137.0,0.0,0.0,NHS Borders
153,S08000016,01/09/18,187.0,141.0,0.0,0.0,NHS Borders
154,S08000016,01/08/18,182.0,128.0,1.0,0.0,NHS Borders
155,S08000016,01/07/18,192.0,138.0,0.0,0.0,NHS Borders
156,S08000016,01/06/18,215.0,154.0,1.0,0.0,NHS Borders
157,S08000016,01/05/18,208.0,138.0,0.0,0.0,NHS Borders
158,S08000016,01/04/18,222.0,154.0,1.0,0.0,NHS Borders
159,S08000016,01/03/18,225.0,170.0,0.0,0.0,NHS Borders
160,S08000016,01/02/18,198.0,163.0,0.0,0.0,NHS Borders
161,S08000016,01/01/18,207.0,182.0,0.0,0.0,NHS Borders
162,S08000016,01/12/17,194.0,169.0,0.0,0.0,NHS Borders
163,S08000016,01/11/17,159.0,145.0,0.0,0.0,NHS Borders
164,S08000016,01/10/17,121.0,112.0,0.0,0.0,NHS Borders
165,S08000016,01/09/17,121.0,110.0,0.0,0.0,NHS Borders
166,S08000016,01/08/17,101.0,99.0,0.0,0.0,NHS Borders
167,S08000016,01/07/17,113.0,112.0,0.0,0.0,NHS Borders
168,S08000016,01/06/17,112.0,111.0,0.0,0.0,NHS Borders
169,S08000016,01/05/17,132.0,132.0,0.0,0.0,NHS Borders
170,S08000016,01/04/17,137.0,137.0,0.0,0.0,NHS Borders
171,S08000016,01/03/17,154.0,154.0,0.0,0.0,NHS Borders
172,S08000016,01/02/17,134.0,133.0,0.0,0.0,NHS Borders
173,S08000016,01/01/17,153.0,153.0,0.0,0.0,NHS Borders
174,S08000016,01/12/16,163.0,163.0,0.0,0.0,NHS Borders
175,S08000016,01/11/16,154.0,154.0,0.0,0.0,NHS Borders
176,S08000016,01/10/16,129.0,128.0,0.0,0.0,NHS Borders
177,S08000016,01/09/16,140.0,139.0,0.0,0.0,NHS Borders
178,S08000016,01/08/16,121.0,121.0,0.0,0.0,NHS Borders
179,S08000016,01/07/16,129.0,129.0,0.0,0.0,NHS Borders
180,S08000016,01/06/16,125.0,125.0,0.0,0.0,NHS Borders
181,S08000016,01/05/16,126.0,118.0,0.0,0.0,NHS Borders
182,S08000016,01/04/16,147.0,132.0,0.0,0.0,NHS Borders
183,S08000016,01/03/16,149.0,139.0,0.0,0.0,NHS Borders
184,S08000016,01/02/16,138.0,127.0,2.0,0.0,NHS Borders
185,S08000016,01/01/16,141.0,128.0,0.0,0.0,NHS Borders
186,S08000016,01/12/15,145.0,132.0,1.0,0.0,NHS Borders
187,S08000016,01/11/15,144.0,123.0,0.0,0.0,NHS Borders
188,S08000016,01/10/15,152.0,128.0,0.0,0.0,NHS Borders
189,S08000016,01/09/15,160.0,134.0,0.0,0.0,NHS Borders
190,S08000016,01/08/15,146.0,130.0,0.0,0.0,NHS Borders
191,S08000016,01/07/15,146.0,123.0,1.0,0.0,NHS Borders
192,S08000016,01/06/15,146.0,132.0,0.0,0.0,NHS Borders
193,S08000016,01/05/15,144.0,133.0,0.0,0.0,NHS Borders
194,S08000016,01/04/15,129.0,117.0,0.0,0.0,NHS Borders
195,S08000016,01/03/15,132.0,121.0,0.0,0.0,NHS Borders
196,S08000016,01/02/15,125.0,117.0,0.0,0.0,NHS Borders
197,S08000016,01/01/15,106.0,104.0,0.0,0.0,NHS Borders
198,S08000016,01/12/14,99.0,98.0,0.0,0.0,NHS Borders
199,S08000016,01/11/14,102.0,102.0,0.0,0.0,NHS Borders
200,S08000016,01/10/14,97.0,97.0,0.0,0.0,NHS Borders
201,S08000016,01/09/14,91.0,91.0,0.0,0.0,NHS Borders
202,S08000016,01/08/14,72.0,72.0,0.0,0.0,NHS Borders
203,S08000016,01/07/14,53.0,53.0,0.0,0.0,NHS Borders
204,S08000016,01/06/14,112.0,112.0,0.0,0.0,NHS Borders
205,S08000016,01/05/14,114.0,114.0,0.0,0.0,NHS Borders
206,S08000016,01/04/14,110.0,110.0,0.0,0.0,NHS Borders
207,S08000016,01/03/14,109.0,109.0,0.0,0.0,NHS Borders
208,S08000016,01/02/14,80.0,80.0,0.0,0.0,NHS Borders
209,S08000016,01/01/14,69.0,69.0,0.0,0.0,NHS Borders
210,S08000016,01/12/13,80.0,80.0,0.0,0.0,NHS Borders
211,S08000016,01/11/13,67.0,67.0,0.0,0.0,NHS Borders
212,S08000016,01/10/13,80.0,80.0,0.0,0.0,NHS Borders
213,S08000016,01/09/13,72.0,71.0,0.0,0.0,NHS Borders
214,S08000016,01/08/13,61.0,60.0,0.0,0.0,NHS Borders
215,S08000016,01/07/13,65.0,62.0,0.0,0.0,NHS Borders
216,S08000016,01/06/13,70.0,66.0,0.0,0.0,NHS Borders
217,S08000016,01/05/13,84.0,83.0,0.0,0.0,NHS Borders
218,S08000016,01/04/13,92.0,87.0,0.0,0.0,NHS Borders
219,S08000016,01/03/13,122.0,121.0,0.0,0.0,NHS Borders
220,S08000016,01/02/13,103.0,103.0,0.0,0.0,NHS Borders
221,S08000016,01/01/13,99.0,99.0,0.0,0.0,NHS Borders
222,S08000016,01/12/12,71.0,71.0,0.0,0.0,NHS Borders
223,S08000016,01/11/12,80.0,79.0,0.0,0.0,NHS Borders
224,S08000016,01/10/12,70.0,70.0,0.0,0.0,NHS Borders
225,S08000016,01/09/12,53.0,53.0,0.0,0.0,NHS Borders
226,S08000016,01/08/12,55.0,55.0,0.0,0.0,NHS Borders
227,S08000016,01/07/12,51.0,51.0,0.0,0.0,NHS Borders
228,S08000017,01/12/21,141.0,129.0,2.0,1.0,NHS Dumfries and Galloway
229,S08000017,01/11/21,165.0,125.0,2.0,0.0,NHS Dumfries and Galloway
230,S08000017,01/10/21,262.0,210.0,2.0,0.0,NHS Dumfries and Galloway
231,S08000017,01/09/21,258.0,222.0,1.0,0.0,NHS Dumfries and Galloway
232,S08000017,01/08/21,252.0,225.0,2.0,0.0,NHS Dumfries and Galloway
233,S08000017,01/07/21,257.0,216.0,0.0,0.0,NHS Dumfries and Galloway
234,S08000017,01/06/21,259.0,240.0,0.0,0.0,NHS Dumfries and Galloway
235,S08000017,01/05/21,250.0,235.0,0.0,0.0,NHS Dumfries and Galloway
236,S08000017,01/04/21,249.0,222.0,0.0,0.0,NHS Dumfries and Galloway
237,S08000017,01/03/21,247.0,242.0,0.0,0.0,NHS Dumfries and Galloway
238,S08000017,01/02/21,244.0,244.0,0.0,0.0,NHS Dumfries and Galloway
239,S08000017,01/01/21,247.0,247.0,0.0,0.0,NHS Dumfries and Galloway
240,S08000017,01/12/20,240.0,240.0,0.0,0.0,NHS Dumfries and Galloway
241,S08000017,01/11/20,247.0,247.0,0.0,0.0,NHS Dumfries and Galloway
242,S08000017,01/10/20,179.0,177.0,0.0,0.0,NHS Dumfries and Galloway
243,S08000017,01/09/20,156.0,156.0,0.0,0.0,NHS Dumfries and Galloway
244,S08000017,01/08/20,100.0,99.0,0.0,0.0,NHS Dumfries and Galloway
245,S08000017,01/07/20,60.0,60.0,0.0,0.0,NHS Dumfries and Galloway
246,S08000017,01/06/20,30.0,29.0,0.0,0.0,NHS Dumfries and Galloway
247,S08000017,01/05/20,32.0,30.0,0.0,1.0,NHS Dumfries and Galloway
248,S08000017,01/04/20,74.0,73.0,0.0,0.0,NHS Dumfries and Galloway
249,S08000017,01/03/20,157.0,150.0,0.0,0.0,NHS Dumfries and Galloway
250,S08000017,01/02/20,156.0,152.0,0.0,0.0,NHS Dumfries and Galloway
251,S08000017,01/01/20,157.0,157.0,0.0,0.0,NHS Dumfries and Galloway
252,S08000017,01/12/19,161.0,160.0,1.0,0.0,NHS Dumfries and Galloway
253,S08000017,01/11/19,157.0,157.0,0.0,0.0,NHS Dumfries and Galloway
254,S08000017,01/10/19,116.0,116.0,0.0,0.0,NHS Dumfries and Galloway
255,S08000017,01/09/19,123.0,122.0,0.0,0.0,NHS Dumfries and Galloway
256,S08000017,01/08/19,190.0,189.0,1.0,0.0,NHS Dumfries and Galloway
257,S08000017,01/07/19,205.0,205.0,0.0,0.0,NHS Dumfries and Galloway
258,S08000017,01/06/19,109.0,108.0,0.0,0.0,NHS Dumfries and Galloway
259,S08000017,01/05/19,107.0,107.0,0.0,0.0,NHS Dumfries and Galloway
260,S08000017,01/04/19,114.0,114.0,0.0,0.0,NHS Dumfries and Galloway
261,S08000017,01/03/19,82.0,82.0,0.0,0.0,NHS Dumfries and Galloway
262,S08000017,01/02/19,72.0,72.0,0.0,0.0,NHS Dumfries and Galloway
263,S08000017,01/01/19,178.0,178.0,0.0,0.0,NHS Dumfries and Galloway
264,S08000017,01/12/18,102.0,102.0,0.0,0.0,NHS Dumfries and Galloway
265,S08000017,01/11/18,101.0,101.0,0.0,0.0,NHS Dumfries and Galloway
266,S08000017,01/10/18,116.0,116.0,0.0,0.0,NHS Dumfries and Galloway
267,S08000017,01/09/18,127.0,127.0,0.0,0.0,NHS Dumfries and Galloway
268,S08000017,01/08/18,110.0,109.0,0.0,0.0,NHS Dumfries and Galloway
269,S08000017,01/07/18,114.0,112.0,0.0,0.0,NHS Dumfries and Galloway
270,S08000017,01/06/18,134.0,129.0,0.0,1.0,NHS Dumfries and Galloway
271,S08000017,01/05/18,168.0,165.0,0.0,1.0,NHS Dumfries and Galloway
272,S08000017,01/04/18,177.0,170.0,1.0,1.0,NHS Dumfries and Galloway
273,S08000017,01/03/18,182.0,175.0,2.0,0.0,NHS Dumfries and Galloway
274,S08000017,01/02/18,193.0,184.0,2.0,0.0,NHS Dumfries and Galloway
275,S08000017,01/01/18,214.0,204.0,1.0,0.0,NHS Dumfries and Galloway
276,S08000017,01/12/17,197.0,196.0,1.0,0.0,NHS Dumfries and Galloway
277,S08000017,01/11/17,181.0,179.0,0.0,0.0,NHS Dumfries and Galloway
278,S08000017,01/10/17,165.0,163.0,0.0,0.0,NHS Dumfries and Galloway
279,S08000017,01/09/17,126.0,123.0,0.0,0.0,NHS Dumfries and Galloway
280,S08000017,01/08/17,128.0,128.0,0.0,0.0,NHS Dumfries and Galloway
281,S08000017,01/07/17,130.0,130.0,0.0,0.0,NHS Dumfries and Galloway
282,S08000017,01/06/17,148.0,146.0,0.0,0.0,NHS Dumfries and Galloway
283,S08000017,01/05/17,162.0,162.0,0.0,0.0,NHS Dumfries and Galloway
284,S08000017,01/04/17,154.0,154.0,0.0,0.0,NHS Dumfries and Galloway
285,S08000017,01/03/17,138.0,138.0,0.0,0.0,NHS Dumfries and Galloway
286,S08000017,01/02/17,120.0,120.0,0.0,0.0,NHS Dumfries and Galloway
287,S08000017,01/01/17,110.0,110.0,0.0,0.0,NHS Dumfries and Galloway
288,S08000017,01/12/16,109.0,109.0,0.0,0.0,NHS Dumfries and Galloway
289,S08000017,01/11/16,72.0,72.0,0.0,0.0,NHS Dumfries and Galloway
290,S08000017,01/10/16,62.0,62.0,0.0,0.0,NHS Dumfries and Galloway
291,S08000017,01/09/16,72.0,72.0,0.0,0.0,NHS Dumfries and Galloway
292,S08000017,01/08/16,79.0,78.0,0.0,0.0,NHS Dumfries and Galloway
293,S08000017,01/07/16,90.0,90.0,0.0,0.0,NHS Dumfries and Galloway
294,S08000017,01/06/16,120.0,119.0,0.0,0.0,NHS Dumfries and Galloway
295,S08000017,01/05/16,131.0,130.0,0.0,1.0,NHS Dumfries and Galloway
296,S08000017,01/04/16,122.0,122.0,0.0,0.0,NHS Dumfries and Galloway
297,S08000017,01/03/16,123.0,121.0,0.0,0.0,NHS Dumfries and Galloway
298,S08000017,01/02/16,104.0,103.0,0.0,0.0,NHS Dumfries and Galloway
299,S08000017,01/01/16,91.0,91.0,0.0,0.0,NHS Dumfries and Galloway
300,S08000017,01/12/15,93.0,93.0,0.0,0.0,NHS Dumfries and Galloway
301,S08000017,01/11/15,88.0,88.0,0.0,0.0,NHS Dumfries and Galloway
302,S08000017,01/10/15,86.0,86.0,0.0,0.0,NHS Dumfries and Galloway
303,S08000017,01/09/15,89.0,89.0,0.0,0.0,NHS Dumfries and Galloway
304,S08000017,01/08/15,77.0,76.0,0.0,0.0,NHS Dumfries and Galloway
305,S08000017,01/07/15,59.0,59.0,0.0,0.0,NHS Dumfries and Galloway
306,S08000017,01/06/15,81.0,79.0,0.0,0.0,NHS Dumfries and Galloway
307,S08000017,01/05/15,99.0,98.0,0.0,0.0,NHS Dumfries and Galloway
308,S08000017,01/04/15,113.0,109.0,0.0,0.0,NHS Dumfries and Galloway
309,S08000017,01/03/15,131.0,128.0,0.0,0.0,NHS Dumfries and Galloway
310,S08000017,01/02/15,93.0,93.0,0.0,0.0,NHS Dumfries and Galloway
311,S08000017,01/01/15,87.0,87.0,0.0,0.0,NHS Dumfries and Galloway
312,S08000017,01/12/14,89.0,88.0,0.0,0.0,NHS Dumfries and Galloway
313,S08000017,01/11/14,92.0,91.0,0.0,0.0,NHS Dumfries and Galloway
314,S08000017,01/10/14,84.0,84.0,0.0,0.0,NHS Dumfries and Galloway
315,S08000017,01/09/14,65.0,65.0,0.0,0.0,NHS Dumfries and Galloway
316,S08000017,01/08/14,47.0,47.0,0.0,0.0,NHS Dumfries and Galloway
317,S08000017,01/07/14,49.0,49.0,0.0,0.0,NHS Dumfries and Galloway
318,S08000017,01/06/14,73.0,73.0,0.0,0.0,NHS Dumfries and Galloway
319,S08000017,01/05/14,85.0,85.0,0.0,0.0,NHS Dumfries and Galloway
320,S08000017,01/04/14,64.0,63.0,0.0,0.0,NHS Dumfries and Galloway
321,S08000017,01/03/14,99.0,98.0,0.0,0.0,NHS Dumfries and Galloway
322,S08000017,01/02/14,100.0,99.0,0.0,0.0,NHS Dumfries and Galloway
323,S08000017,01/01/14,89.0,89.0,0.0,0.0,NHS Dumfries and Galloway
324,S08000017,01/12/13,107.0,107.0,0.0,0.0,NHS Dumfries and Galloway
325,S08000017,01/11/13,80.0,79.0,0.0,0.0,NHS Dumfries and Galloway
326,S08000017,01/10/13,61.0,61.0,0.0,0.0,NHS Dumfries and Galloway
327,S08000017,01/09/13,64.0,64.0,0.0,0.0,NHS Dumfries and Galloway
328,S08000017,01/08/13,59.0,59.0,0.0,0.0,NHS Dumfries and Galloway
329,S08000017,01/07/13,64.0,64.0,0.0,0.0,NHS Dumfries and Galloway
330,S08000017,01/06/13,72.0,72.0,0.0,0.0,NHS Dumfries and Galloway
331,S08000017,01/05/13,62.0,61.0,0.0,0.0,NHS Dumfries and Galloway
332,S08000017,01/04/13,69.0,69.0,0.0,0.0,NHS Dumfries and Galloway
333,S08000017,01/03/13,150.0,149.0,0.0,0.0,NHS Dumfries and Galloway
334,S08000017,01/02/13,126.0,123.0,1.0,0.0,NHS Dumfries and Galloway
335,S08000017,01/01/13,76.0,76.0,0.0,0.0,NHS Dumfries and Galloway
336,S08000017,01/12/12,74.0,73.0,0.0,0.0,NHS Dumfries and Galloway
337,S08000017,01/11/12,73.0,73.0,0.0,0.0,NHS Dumfries and Galloway
338,S08000017,01/10/12,65.0,65.0,0.0,0.0,NHS Dumfries and Galloway
339,S08000017,01/09/12,71.0,70.0,0.0,0.0,NHS Dumfries and Galloway
340,S08000017,01/08/12,65.0,65.0,0.0,0.0,NHS Dumfries and Galloway
341,S08000017,01/07/12,81.0,81.0,0.0,0.0,NHS Dumfries and Galloway
342,S08000019,01/12/21,616.0,107.0,131.0,245.0,NHS Forth Valley
343,S08000019,01/11/21,605.0,97.0,129.0,202.0,NHS Forth Valley
344,S08000019,01/10/21,588.0,83.0,126.0,187.0,NHS Forth Valley
345,S08000019,01/09/21,617.0,92.0,141.0,179.0,NHS Forth Valley
346,S08000019,01/08/21,616.0,166.0,163.0,138.0,NHS Forth Valley
347,S08000019,01/07/21,638.0,224.0,128.0,137.0,NHS Forth Valley
348,S08000019,01/06/21,695.0,272.0,129.0,132.0,NHS Forth Valley
349,S08000019,01/05/21,1034.0,383.0,137.0,220.0,NHS Forth Valley
350,S08000019,01/04/21,963.0,351.0,102.0,217.0,NHS Forth Valley
351,S08000019,01/03/21,935.0,363.0,107.0,214.0,NHS Forth Valley
352,S08000019,01/02/21,958.0,355.0,168.0,204.0,NHS Forth Valley
353,S08000019,01/01/21,967.0,370.0,225.0,191.0,NHS Forth Valley
354,S08000019,01/12/20,1031.0,409.0,295.0,186.0,NHS Forth Valley
355,S08000019,01/11/20,1035.0,379.0,373.0,133.0,NHS Forth Valley
356,S08000019,01/10/20,992.0,341.0,372.0,75.0,NHS Forth Valley
357,S08000019,01/09/20,976.0,288.0,332.0,52.0,NHS Forth Valley
358,S08000019,01/08/20,984.0,212.0,349.0,50.0,NHS Forth Valley
359,S08000019,01/07/20,992.0,204.0,284.0,32.0,NHS Forth Valley
360,S08000019,01/06/20,1003.0,293.0,233.0,5.0,NHS Forth Valley
361,S08000019,01/05/20,993.0,387.0,184.0,2.0,NHS Forth Valley
362,S08000019,01/04/20,969.0,447.0,106.0,0.0,NHS Forth Valley
363,S08000019,01/03/20,931.0,544.0,62.0,0.0,NHS Forth Valley
364,S08000019,01/02/20,873.0,585.0,13.0,1.0,NHS Forth Valley
365,S08000019,01/01/20,841.0,582.0,10.0,0.0,NHS Forth Valley
366,S08000019,01/12/19,796.0,563.0,5.0,1.0,NHS Forth Valley
367,S08000019,01/11/19,760.0,539.0,7.0,0.0,NHS Forth Valley
368,S08000019,01/10/19,680.0,489.0,3.0,0.0,NHS Forth Valley
369,S08000019,01/09/19,635.0,475.0,2.0,0.0,NHS Forth Valley
370,S08000019,01/08/19,595.0,476.0,2.0,0.0,NHS Forth Valley
371,S08000019,01/07/19,606.0,506.0,0.0,0.0,NHS Forth Valley
372,S08000019,01/06/19,681.0,600.0,0.0,0.0,NHS Forth Valley
373,S08000019,01/05/19,645.0,606.0,0.0,0.0,NHS Forth Valley
374,S08000019,01/04/19,593.0,547.0,2.0,1.0,NHS Forth Valley
375,S08000019,01/03/19,612.0,582.0,2.0,1.0,NHS Forth Valley
376,S08000019,01/02/19,544.0,528.0,3.0,4.0,NHS Forth Valley
377,S08000019,01/01/19,536.0,517.0,6.0,3.0,NHS Forth Valley
378,S08000019,01/12/18,482.0,471.0,1.0,0.0,NHS Forth Valley
379,S08000019,01/11/18,414.0,396.0,1.0,0.0,NHS Forth Valley
380,S08000019,01/10/18,375.0,350.0,1.0,0.0,NHS Forth Valley
381,S08000019,01/09/18,372.0,351.0,1.0,0.0,NHS Forth Valley
382,S08000019,01/08/18,402.0,388.0,0.0,0.0,NHS Forth Valley
383,S08000019,01/07/18,531.0,457.0,0.0,0.0,NHS Forth Valley
384,S08000019,01/06/18,590.0,510.0,1.0,0.0,NHS Forth Valley
385,S08000019,01/05/18,552.0,470.0,0.0,0.0,NHS Forth Valley
386,S08000019,01/04/18,548.0,447.0,1.0,0.0,NHS Forth Valley
387,S08000019,01/03/18,577.0,500.0,1.0,0.0,NHS Forth Valley
388,S08000019,01/02/18,559.0,497.0,0.0,0.0,NHS Forth Valley
389,S08000019,01/01/18,546.0,464.0,1.0,0.0,NHS Forth Valley
390,S08000019,01/12/17,526.0,467.0,1.0,0.0,NHS Forth Valley
391,S08000019,01/11/17,509.0,441.0,1.0,0.0,NHS Forth Valley
392,S08000019,01/10/17,473.0,391.0,0.0,0.0,NHS Forth Valley
393,S08000019,01/09/17,452.0,409.0,1.0,0.0,NHS Forth Valley
394,S08000019,01/08/17,411.0,386.0,1.0,0.0,NHS Forth Valley
395,S08000019,01/07/17,421.0,405.0,1.0,0.0,NHS Forth Valley
396,S08000019,01/06/17,450.0,441.0,0.0,0.0,NHS Forth Valley
397,S08000019,01/05/17,430.0,424.0,0.0,0.0,NHS Forth Valley
398,S08000019,01/04/17,413.0,408.0,0.0,0.0,NHS Forth Valley
399,S08000019,01/03/17,421.0,420.0,0.0,0.0,NHS Forth Valley
400,S08000019,01/02/17,384.0,384.0,0.0,0.0,NHS Forth Valley
401,S08000019,01/01/17,373.0,372.0,0.0,0.0,NHS Forth Valley
402,S08000019,01/12/16,358.0,357.0,0.0,0.0,NHS Forth Valley
403,S08000019,01/11/16,322.0,321.0,0.0,0.0,NHS Forth Valley
404,S08000019,01/10/16,323.0,319.0,0.0,0.0,NHS Forth Valley
405,S08000019,01/09/16,332.0,325.0,0.0,0.0,NHS Forth Valley
406,S08000019,01/08/16,362.0,337.0,0.0,0.0,NHS Forth Valley
407,S08000019,01/07/16,446.0,381.0,1.0,0.0,NHS Forth Valley
408,S08000019,01/06/16,507.0,419.0,0.0,1.0,NHS Forth Valley
409,S08000019,01/05/16,498.0,393.0,0.0,0.0,NHS Forth Valley
410,S08000019,01/04/16,562.0,396.0,1.0,0.0,NHS Forth Valley
411,S08000019,01/03/16,548.0,418.0,0.0,0.0,NHS Forth Valley
412,S08000019,01/02/16,524.0,429.0,1.0,0.0,NHS Forth Valley
413,S08000019,01/01/16,540.0,427.0,0.0,0.0,NHS Forth Valley
414,S08000019,01/12/15,525.0,494.0,1.0,0.0,NHS Forth Valley
415,S08000019,01/11/15,552.0,481.0,3.0,0.0,NHS Forth Valley
416,S08000019,01/10/15,597.0,421.0,11.0,0.0,NHS Forth Valley
417,S08000019,01/09/15,556.0,395.0,5.0,0.0,NHS Forth Valley
418,S08000019,01/08/15,527.0,336.0,11.0,1.0,NHS Forth Valley
419,S08000019,01/07/15,452.0,278.0,8.0,1.0,NHS Forth Valley
420,S08000019,01/06/15,468.0,345.0,4.0,2.0,NHS Forth Valley
421,S08000019,01/05/15,485.0,383.0,2.0,2.0,NHS Forth Valley
422,S08000019,01/04/15,450.0,362.0,1.0,0.0,NHS Forth Valley
423,S08000019,01/03/15,469.0,372.0,0.0,0.0,NHS Forth Valley
424,S08000019,01/02/15,380.0,316.0,4.0,0.0,NHS Forth Valley
425,S08000019,01/01/15,346.0,293.0,5.0,0.0,NHS Forth Valley
426,S08000019,01/12/14,326.0,284.0,5.0,0.0,NHS Forth Valley
427,S08000019,01/11/14,316.0,273.0,5.0,3.0,NHS Forth Valley
428,S08000019,01/10/14,309.0,254.0,8.0,1.0,NHS Forth Valley
429,S08000019,01/09/14,336.0,257.0,7.0,1.0,NHS Forth Valley
430,S08000019,01/08/14,296.0,209.0,14.0,0.0,NHS Forth Valley
431,S08000019,01/07/14,281.0,198.0,15.0,1.0,NHS Forth Valley
432,S08000019,01/06/14,325.0,216.0,21.0,4.0,NHS Forth Valley
433,S08000019,01/05/14,316.0,217.0,24.0,0.0,NHS Forth Valley
434,S08000019,01/04/14,327.0,229.0,26.0,1.0,NHS Forth Valley
435,S08000019,01/03/14,328.0,251.0,18.0,1.0,NHS Forth Valley
436,S08000019,01/02/14,335.0,255.0,19.0,0.0,NHS Forth Valley
437,S08000019,01/01/14,331.0,245.0,13.0,0.0,NHS Forth Valley
438,S08000019,01/12/13,303.0,234.0,4.0,0.0,NHS Forth Valley
439,S08000019,01/11/13,281.0,226.0,3.0,0.0,NHS Forth Valley
440,S08000019,01/10/13,264.0,208.0,0.0,0.0,NHS Forth Valley
441,S08000019,01/09/13,272.0,222.0,0.0,0.0,NHS Forth Valley
442,S08000019,01/08/13,265.0,234.0,0.0,0.0,NHS Forth Valley
443,S08000019,01/07/13,266.0,238.0,0.0,0.0,NHS Forth Valley
444,S08000019,01/06/13,258.0,252.0,0.0,0.0,NHS Forth Valley
445,S08000019,01/05/13,256.0,251.0,1.0,0.0,NHS Forth Valley
446,S08000019,01/04/13,250.0,238.0,0.0,0.0,NHS Forth Valley
447,S08000019,01/03/13,252.0,240.0,0.0,0.0,NHS Forth Valley
448,S08000019,01/02/13,189.0,182.0,0.0,0.0,NHS Forth Valley
449,S08000019,01/01/13,235.0,215.0,0.0,0.0,NHS Forth Valley
450,S08000019,01/12/12,213.0,199.0,1.0,0.0,NHS Forth Valley
451,S08000019,01/11/12,223.0,210.0,0.0,0.0,NHS Forth Valley
452,S08000019,01/10/12,189.0,182.0,0.0,0.0,NHS Forth Valley
453,S08000019,01/09/12,153.0,144.0,0.0,0.0,NHS Forth Valley
454,S08000019,01/08/12,147.0,141.0,0.0,0.0,NHS Forth Valley
455,S08000019,01/07/12,176.0,166.0,0.0,0.0,NHS Forth Valley
456,S08000020,01/12/21,591.0,582.0,1.0,0.0,NHS Grampian
457,S08000020,01/11/21,492.0,487.0,0.0,0.0,NHS Grampian
458,S08000020,01/10/21,524.0,513.0,0.0,0.0,NHS Grampian
459,S08000020,01/09/21,475.0,459.0,0.0,0.0,NHS Grampian
460,S08000020,01/08/21,453.0,444.0,0.0,0.0,NHS Grampian
461,S08000020,01/07/21,537.0,528.0,2.0,0.0,NHS Grampian
462,S08000020,01/06/21,603.0,595.0,1.0,0.0,NHS Grampian
463,S08000020,01/05/21,627.0,611.0,0.0,0.0,NHS Grampian
464,S08000020,01/04/21,565.0,532.0,1.0,0.0,NHS Grampian
465,S08000020,01/03/21,554.0,530.0,1.0,0.0,NHS Grampian
466,S08000020,01/02/21,509.0,492.0,0.0,0.0,NHS Grampian
467,S08000020,01/01/21,501.0,487.0,0.0,0.0,NHS Grampian
468,S08000020,01/12/20,578.0,567.0,0.0,1.0,NHS Grampian
469,S08000020,01/11/20,518.0,501.0,3.0,1.0,NHS Grampian
470,S08000020,01/10/20,446.0,435.0,3.0,0.0,NHS Grampian
471,S08000020,01/09/20,394.0,379.0,7.0,2.0,NHS Grampian
472,S08000020,01/08/20,280.0,257.0,7.0,0.0,NHS Grampian
473,S08000020,01/07/20,277.0,230.0,3.0,1.0,NHS Grampian
474,S08000020,01/06/20,298.0,246.0,2.0,3.0,NHS Grampian
475,S08000020,01/05/20,223.0,173.0,7.0,4.0,NHS Grampian
476,S08000020,01/04/20,462.0,273.0,46.0,23.0,NHS Grampian
477,S08000020,01/03/20,719.0,544.0,42.0,26.0,NHS Grampian
478,S08000020,01/02/20,782.0,630.0,36.0,25.0,NHS Grampian
479,S08000020,01/01/20,793.0,657.0,32.0,19.0,NHS Grampian
480,S08000020,01/12/19,724.0,617.0,26.0,9.0,NHS Grampian
481,S08000020,01/11/19,766.0,673.0,29.0,2.0,NHS Grampian
482,S08000020,01/10/19,655.0,568.0,27.0,1.0,NHS Grampian
483,S08000020,01/09/19,772.0,617.0,20.0,34.0,NHS Grampian
484,S08000020,01/08/19,871.0,607.0,31.0,67.0,NHS Grampian
485,S08000020,01/07/19,850.0,694.0,13.0,2.0,NHS Grampian
486,S08000020,01/06/19,868.0,714.0,5.0,2.0,NHS Grampian
487,S08000020,01/05/19,842.0,712.0,11.0,3.0,NHS Grampian
488,S08000020,01/04/19,826.0,685.0,7.0,1.0,NHS Grampian
489,S08000020,01/03/19,886.0,769.0,4.0,2.0,NHS Grampian
490,S08000020,01/02/19,906.0,783.0,8.0,2.0,NHS Grampian
491,S08000020,01/01/19,926.0,794.0,3.0,1.0,NHS Grampian
492,S08000020,01/12/18,905.0,768.0,4.0,0.0,NHS Grampian
493,S08000020,01/11/18,804.0,667.0,9.0,0.0,NHS Grampian
494,S08000020,01/10/18,809.0,622.0,27.0,0.0,NHS Grampian
495,S08000020,01/09/18,753.0,542.0,23.0,1.0,NHS Grampian
496,S08000020,01/08/18,880.0,650.0,21.0,0.0,NHS Grampian
497,S08000020,01/07/18,863.0,716.0,12.0,0.0,NHS Grampian
498,S08000020,01/06/18,891.0,748.0,7.0,0.0,NHS Grampian
499,S08000020,01/05/18,837.0,719.0,9.0,0.0,NHS Grampian
500,S08000020,01/04/18,911.0,758.0,11.0,0.0,NHS Grampian
501,S08000020,01/03/18,921.0,777.0,7.0,0.0,NHS Grampian
502,S08000020,01/02/18,890.0,757.0,3.0,0.0,NHS Grampian
503,S08000020,01/01/18,869.0,732.0,4.0,0.0,NHS Grampian
504,S08000020,01/12/17,850.0,718.0,2.0,0.0,NHS Grampian
505,S08000020,01/11/17,804.0,680.0,8.0,0.0,NHS Grampian
506,S08000020,01/10/17,731.0,606.0,14.0,0.0,NHS Grampian
507,S08000020,01/09/17,699.0,547.0,17.0,1.0,NHS Grampian
508,S08000020,01/08/17,706.0,562.0,26.0,1.0,NHS Grampian
509,S08000020,01/07/17,789.0,617.0,26.0,2.0,NHS Grampian
510,S08000020,01/06/17,870.0,729.0,27.0,3.0,NHS Grampian
511,S08000020,01/05/17,858.0,699.0,21.0,2.0,NHS Grampian
512,S08000020,01/04/17,877.0,703.0,19.0,0.0,NHS Grampian
513,S08000020,01/03/17,858.0,743.0,11.0,0.0,NHS Grampian
514,S08000020,01/02/17,829.0,700.0,21.0,1.0,NHS Grampian
515,S08000020,01/01/17,808.0,703.0,15.0,1.0,NHS Grampian
516,S08000020,01/12/16,774.0,693.0,7.0,0.0,NHS Grampian
517,S08000020,01/11/16,656.0,565.0,7.0,0.0,NHS Grampian
518,S08000020,01/10/16,569.0,439.0,4.0,0.0,NHS Grampian
519,S08000020,01/09/16,496.0,394.0,4.0,0.0,NHS Grampian
520,S08000020,01/08/16,459.0,358.0,0.0,0.0,NHS Grampian
521,S08000020,01/07/16,480.0,378.0,1.0,0.0,NHS Grampian
522,S08000020,01/06/16,530.0,458.0,1.0,0.0,NHS Grampian
523,S08000020,01/05/16,672.0,588.0,1.0,1.0,NHS Grampian
524,S08000020,01/04/16,644.0,499.0,3.0,1.0,NHS Grampian
525,S08000020,01/03/16,648.0,508.0,1.0,2.0,NHS Grampian
526,S08000020,01/02/16,647.0,512.0,3.0,1.0,NHS Grampian
527,S08000020,01/01/16,624.0,501.0,3.0,1.0,NHS Grampian
528,S08000020,01/12/15,614.0,516.0,3.0,0.0,NHS Grampian
529,S08000020,01/11/15,742.0,642.0,5.0,4.0,NHS Grampian
530,S08000020,01/10/15,725.0,579.0,6.0,4.0,NHS Grampian
531,S08000020,01/09/15,675.0,548.0,3.0,4.0,NHS Grampian
532,S08000020,01/08/15,608.0,523.0,2.0,0.0,NHS Grampian
533,S08000020,01/07/15,648.0,558.0,1.0,0.0,NHS Grampian
534,S08000020,01/06/15,717.0,668.0,0.0,0.0,NHS Grampian
535,S08000020,01/05/15,727.0,669.0,0.0,0.0,NHS Grampian
536,S08000020,01/04/15,703.0,638.0,1.0,0.0,NHS Grampian
537,S08000020,01/03/15,705.0,659.0,1.0,1.0,NHS Grampian
538,S08000020,01/02/15,652.0,604.0,0.0,2.0,NHS Grampian
539,S08000020,01/01/15,647.0,612.0,1.0,0.0,NHS Grampian
540,S08000020,01/12/14,624.0,586.0,1.0,0.0,NHS Grampian
541,S08000020,01/11/14,555.0,490.0,3.0,0.0,NHS Grampian
542,S08000020,01/10/14,587.0,490.0,4.0,1.0,NHS Grampian
543,S08000020,01/09/14,618.0,504.0,6.0,1.0,NHS Grampian
544,S08000020,01/08/14,651.0,517.0,10.0,3.0,NHS Grampian
545,S08000020,01/07/14,674.0,548.0,10.0,2.0,NHS Grampian
546,S08000020,01/06/14,705.0,585.0,7.0,3.0,NHS Grampian
547,S08000020,01/05/14,751.0,633.0,9.0,4.0,NHS Grampian
548,S08000020,01/04/14,794.0,642.0,3.0,5.0,NHS Grampian
549,S08000020,01/03/14,793.0,651.0,6.0,6.0,NHS Grampian
550,S08000020,01/02/14,763.0,643.0,8.0,11.0,NHS Grampian
551,S08000020,01/01/14,703.0,574.0,10.0,9.0,NHS Grampian
552,S08000020,01/12/13,804.0,641.0,28.0,14.0,NHS Grampian
553,S08000020,01/11/13,745.0,596.0,29.0,10.0,NHS Grampian
554,S08000020,01/10/13,701.0,529.0,32.0,10.0,NHS Grampian
555,S08000020,01/09/13,,,,,NHS Grampian
556,S08000020,01/08/13,,,,,NHS Grampian
557,S08000020,01/07/13,,,,,NHS Grampian
558,S08000020,01/06/13,,,,,NHS Grampian
559,S08000020,01/05/13,,,,,NHS Grampian
560,S08000020,01/04/13,,,,,NHS Grampian
561,S08000020,01/03/13,,,,,NHS Grampian
562,S08000020,01/02/13,,,,,NHS Grampian
563,S08000020,01/01/13,,,,,NHS Grampian
564,S08000020,01/12/12,,,,,NHS Grampian
565,S08000020,01/11/12,,,,,NHS Grampian
566,S08000020,01/10/12,,,,,NHS Grampian
567,S08000020,01/09/12,,,,,NHS Grampian
568,S08000020,01/08/12,,,,,NHS Grampian
569,S08000020,01/07/12,,,,,NHS Grampian
570,S08000022,01/12/21,714.0,221.0,117.0,249.0,NHS Highland
571,S08000022,01/11/21,685.0,217.0,121.0,220.0,NHS Highland
572,S08000022,01/10/21,720.0,224.0,140.0,200.0,NHS Highland
573,S08000022,01/09/21,702.0,211.0,150.0,181.0,NHS Highland
574,S08000022,01/08/21,660.0,208.0,164.0,150.0,NHS Highland
575,S08000022,01/07/21,696.0,213.0,139.0,187.0,NHS Highland
576,S08000022,01/06/21,759.0,239.0,114.0,234.0,NHS Highland
577,S08000022,01/05/21,744.0,242.0,82.0,237.0,NHS Highland
578,S08000022,01/04/21,692.0,206.0,58.0,239.0,NHS Highland
579,S08000022,01/03/21,724.0,235.0,49.0,267.0,NHS Highland
580,S08000022,01/02/21,684.0,238.0,59.0,245.0,NHS Highland
581,S08000022,01/01/21,692.0,281.0,80.0,230.0,NHS Highland
582,S08000022,01/12/20,689.0,303.0,100.0,214.0,NHS Highland
583,S08000022,01/11/20,654.0,276.0,113.0,207.0,NHS Highland
584,S08000022,01/10/20,595.0,213.0,123.0,196.0,NHS Highland
585,S08000022,01/09/20,575.0,190.0,119.0,180.0,NHS Highland
586,S08000022,01/08/20,561.0,157.0,120.0,163.0,NHS Highland
587,S08000022,01/07/20,502.0,117.0,106.0,143.0,NHS Highland
588,S08000022,01/06/20,506.0,135.0,87.0,143.0,NHS Highland
589,S08000022,01/05/20,482.0,157.0,81.0,112.0,NHS Highland
590,S08000022,01/04/20,528.0,201.0,91.0,88.0,NHS Highland
591,S08000022,01/03/20,544.0,243.0,95.0,71.0,NHS Highland
592,S08000022,01/02/20,529.0,266.0,98.0,54.0,NHS Highland
593,S08000022,01/01/20,482.0,249.0,91.0,36.0,NHS Highland
594,S08000022,01/12/19,494.0,271.0,75.0,34.0,NHS Highland
595,S08000022,01/11/19,469.0,246.0,77.0,27.0,NHS Highland
596,S08000022,01/10/19,489.0,245.0,75.0,27.0,NHS Highland
597,S08000022,01/09/19,461.0,239.0,64.0,22.0,NHS Highland
598,S08000022,01/08/19,429.0,235.0,54.0,21.0,NHS Highland
599,S08000022,01/07/19,425.0,234.0,41.0,23.0,NHS Highland
600,S08000022,01/06/19,445.0,255.0,35.0,27.0,NHS Highland
601,S08000022,01/05/19,440.0,275.0,25.0,31.0,NHS Highland
602,S08000022,01/04/19,436.0,262.0,30.0,28.0,NHS Highland
603,S08000022,01/03/19,473.0,302.0,31.0,32.0,NHS Highland
604,S08000022,01/02/19,396.0,241.0,28.0,32.0,NHS Highland
605,S08000022,01/01/19,393.0,248.0,25.0,29.0,NHS Highland
606,S08000022,01/12/18,391.0,275.0,16.0,32.0,NHS Highland
607,S08000022,01/11/18,368.0,257.0,22.0,31.0,NHS Highland
608,S08000022,01/10/18,353.0,239.0,18.0,30.0,NHS Highland
609,S08000022,01/09/18,343.0,242.0,19.0,25.0,NHS Highland
610,S08000022,01/08/18,247.0,183.0,14.0,19.0,NHS Highland
611,S08000022,01/07/18,268.0,195.0,21.0,17.0,NHS Highland
612,S08000022,01/06/18,249.0,181.0,23.0,16.0,NHS Highland
613,S08000022,01/05/18,293.0,216.0,27.0,8.0,NHS Highland
614,S08000022,01/04/18,305.0,205.0,22.0,9.0,NHS Highland
615,S08000022,01/03/18,314.0,219.0,21.0,10.0,NHS Highland
616,S08000022,01/02/18,310.0,224.0,18.0,13.0,NHS Highland
617,S08000022,01/01/18,330.0,245.0,12.0,12.0,NHS Highland
618,S08000022,01/12/17,324.0,256.0,15.0,5.0,NHS Highland
619,S08000022,01/11/17,297.0,230.0,15.0,4.0,NHS Highland
620,S08000022,01/10/17,278.0,199.0,18.0,6.0,NHS Highland
621,S08000022,01/09/17,301.0,230.0,14.0,4.0,NHS Highland
622,S08000022,01/08/17,221.0,169.0,9.0,2.0,NHS Highland
623,S08000022,01/07/17,323.0,236.0,19.0,6.0,NHS Highland
624,S08000022,01/06/17,349.0,252.0,25.0,5.0,NHS Highland
625,S08000022,01/05/17,296.0,204.0,19.0,8.0,NHS Highland
626,S08000022,01/04/17,370.0,273.0,16.0,5.0,NHS Highland
627,S08000022,01/03/17,356.0,275.0,15.0,9.0,NHS Highland
628,S08000022,01/02/17,300.0,231.0,14.0,4.0,NHS Highland
629,S08000022,01/01/17,306.0,253.0,18.0,3.0,NHS Highland
630,S08000022,01/12/16,292.0,238.0,15.0,5.0,NHS Highland
631,S08000022,01/11/16,247.0,188.0,16.0,3.0,NHS Highland
632,S08000022,01/10/16,285.0,208.0,20.0,5.0,NHS Highland
633,S08000022,01/09/16,223.0,162.0,12.0,4.0,NHS Highland
634,S08000022,01/08/16,226.0,162.0,15.0,3.0,NHS Highland
635,S08000022,01/07/16,265.0,196.0,19.0,1.0,NHS Highland
636,S08000022,01/06/16,251.0,181.0,15.0,4.0,NHS Highland
637,S08000022,01/05/16,267.0,202.0,13.0,6.0,NHS Highland
638,S08000022,01/04/16,281.0,219.0,9.0,6.0,NHS Highland
639,S08000022,01/03/16,278.0,214.0,8.0,4.0,NHS Highland
640,S08000022,01/02/16,258.0,202.0,13.0,2.0,NHS Highland
641,S08000022,01/01/16,301.0,247.0,11.0,3.0,NHS Highland
642,S08000022,01/12/15,291.0,256.0,14.0,0.0,NHS Highland
643,S08000022,01/11/15,292.0,244.0,17.0,0.0,NHS Highland
644,S08000022,01/10/15,299.0,192.0,36.0,2.0,NHS Highland
645,S08000022,01/09/15,372.0,205.0,36.0,67.0,NHS Highland
646,S08000022,01/08/15,285.0,173.0,24.0,2.0,NHS Highland
647,S08000022,01/07/15,331.0,205.0,11.0,2.0,NHS Highland
648,S08000022,01/06/15,373.0,269.0,8.0,2.0,NHS Highland
649,S08000022,01/05/15,343.0,257.0,7.0,2.0,NHS Highland
650,S08000022,01/04/15,332.0,284.0,4.0,1.0,NHS Highland
651,S08000022,01/03/15,379.0,353.0,3.0,1.0,NHS Highland
652,S08000022,01/02/15,356.0,318.0,9.0,3.0,NHS Highland
653,S08000022,01/01/15,307.0,271.0,11.0,1.0,NHS Highland
654,S08000022,01/12/14,277.0,243.0,11.0,1.0,NHS Highland
655,S08000022,01/11/14,239.0,212.0,10.0,1.0,NHS Highland
656,S08000022,01/10/14,190.0,155.0,3.0,3.0,NHS Highland
657,S08000022,01/09/14,,,,,NHS Highland
658,S08000022,01/08/14,,,,,NHS Highland
659,S08000022,01/07/14,,,,,NHS Highland
660,S08000022,01/06/14,,,,,NHS Highland
661,S08000022,01/05/14,,,,,NHS Highland
662,S08000022,01/04/14,,,,,NHS Highland
663,S08000022,01/03/14,,,,,NHS Highland
664,S08000022,01/02/14,228.0,210.0,2.0,0.0,NHS Highland
665,S08000022,01/01/14,198.0,183.0,1.0,0.0,NHS Highland
666,S08000022,01/12/13,195.0,186.0,1.0,0.0,NHS Highland
667,S08000022,01/11/13,194.0,188.0,0.0,0.0,NHS Highland
668,S08000022,01/10/13,201.0,196.0,0.0,0.0,NHS Highland
669,S08000022,01/09/13,190.0,183.0,0.0,0.0,NHS Highland
670,S08000022,01/08/13,177.0,165.0,0.0,0.0,NHS Highland
671,S08000022,01/07/13,175.0,159.0,0.0,0.0,NHS Highland
672,S08000022,01/06/13,187.0,170.0,1.0,0.0,NHS Highland
673,S08000022,01/05/13,200.0,165.0,0.0,0.0,NHS Highland
674,S08000022,01/04/13,188.0,158.0,4.0,0.0,NHS Highland
675,S08000022,01/03/13,210.0,181.0,3.0,3.0,NHS Highland
676,S08000022,01/02/13,228.0,178.0,7.0,6.0,NHS Highland
677,S08000022,01/01/13,207.0,181.0,1.0,2.0,NHS Highland
678,S08000022,01/12/12,229.0,201.0,3.0,1.0,NHS Highland
679,S08000022,01/11/12,212.0,174.0,11.0,0.0,NHS Highland
680,S08000022,01/10/12,212.0,150.0,12.0,1.0,NHS Highland
681,S08000022,01/09/12,260.0,172.0,9.0,3.0,NHS Highland
682,S08000022,01/08/12,268.0,174.0,4.0,3.0,NHS Highland
683,S08000022,01/07/12,248.0,153.0,13.0,3.0,NHS Highland
684,S08000024,01/12/21,2280.0,1264.0,165.0,547.0,NHS Lothian
685,S08000024,01/11/21,4174.0,1403.0,602.0,1365.0,NHS Lothian
686,S08000024,01/10/21,4088.0,1320.0,601.0,1327.0,NHS Lothian
687,S08000024,01/09/21,4026.0,1401.0,549.0,1280.0,NHS Lothian
688,S08000024,01/08/21,3815.0,1344.0,564.0,1186.0,NHS Lothian
689,S08000024,01/07/21,3747.0,1508.0,493.0,1099.0,NHS Lothian
690,S08000024,01/06/21,3812.0,1651.0,424.0,1102.0,NHS Lothian
691,S08000024,01/05/21,3584.0,1484.0,392.0,1089.0,NHS Lothian
692,S08000024,01/04/21,3450.0,1264.0,408.0,1100.0,NHS Lothian
693,S08000024,01/03/21,3439.0,1278.0,380.0,1129.0,NHS Lothian
694,S08000024,01/02/21,3327.0,1197.0,440.0,1083.0,NHS Lothian
695,S08000024,01/01/21,3192.0,1175.0,543.0,930.0,NHS Lothian
696,S08000024,01/12/20,3258.0,1306.0,625.0,843.0,NHS Lothian
697,S08000024,01/11/20,3146.0,1256.0,676.0,765.0,NHS Lothian
698,S08000024,01/10/20,3037.0,1138.0,701.0,679.0,NHS Lothian
699,S08000024,01/09/20,2769.0,963.0,602.0,581.0,NHS Lothian
700,S08000024,01/08/20,2624.0,838.0,539.0,539.0,NHS Lothian
701,S08000024,01/07/20,2526.0,754.0,482.0,499.0,NHS Lothian
702,S08000024,01/06/20,2482.0,869.0,391.0,472.0,NHS Lothian
703,S08000024,01/05/20,2541.0,979.0,387.0,448.0,NHS Lothian
704,S08000024,01/04/20,2511.0,1042.0,364.0,427.0,NHS Lothian
705,S08000024,01/03/20,2577.0,1223.0,381.0,381.0,NHS Lothian
706,S08000024,01/02/20,2608.0,1290.0,401.0,384.0,NHS Lothian
707,S08000024,01/01/20,2578.0,1278.0,398.0,403.0,NHS Lothian
708,S08000024,01/12/19,2601.0,1269.0,385.0,455.0,NHS Lothian
709,S08000024,01/11/19,2538.0,1178.0,397.0,451.0,NHS Lothian
710,S08000024,01/10/19,2522.0,1108.0,428.0,446.0,NHS Lothian
711,S08000024,01/09/19,2500.0,1060.0,449.0,437.0,NHS Lothian
712,S08000024,01/08/19,2558.0,1100.0,465.0,438.0,NHS Lothian
713,S08000024,01/07/19,2589.0,1195.0,432.0,415.0,NHS Lothian
714,S08000024,01/06/19,2510.0,1188.0,366.0,412.0,NHS Lothian
715,S08000024,01/05/19,2455.0,1173.0,375.0,373.0,NHS Lothian
716,S08000024,01/04/19,2423.0,1112.0,389.0,332.0,NHS Lothian
717,S08000024,01/03/19,2369.0,1167.0,394.0,282.0,NHS Lothian
718,S08000024,01/02/19,2320.0,1180.0,412.0,242.0,NHS Lothian
719,S08000024,01/01/19,2345.0,1278.0,358.0,205.0,NHS Lothian
720,S08000024,01/12/18,2260.0,1262.0,318.0,181.0,NHS Lothian
721,S08000024,01/11/18,2147.0,1161.0,303.0,166.0,NHS Lothian
722,S08000024,01/10/18,1993.0,1047.0,287.0,146.0,NHS Lothian
723,S08000024,01/09/18,1909.0,1028.0,285.0,132.0,NHS Lothian
724,S08000024,01/08/18,1877.0,1046.0,291.0,105.0,NHS Lothian
725,S08000024,01/07/18,1937.0,1097.0,277.0,106.0,NHS Lothian
726,S08000024,01/06/18,1932.0,1178.0,240.0,104.0,NHS Lothian
727,S08000024,01/05/18,1823.0,1093.0,207.0,89.0,NHS Lothian
728,S08000024,01/04/18,1800.0,1036.0,209.0,84.0,NHS Lothian
729,S08000024,01/03/18,1764.0,1044.0,187.0,83.0,NHS Lothian
730,S08000024,01/02/18,1674.0,1050.0,167.0,66.0,NHS Lothian
731,S08000024,01/01/18,1629.0,1045.0,160.0,58.0,NHS Lothian
732,S08000024,01/12/17,1670.0,1137.0,161.0,37.0,NHS Lothian
733,S08000024,01/11/17,1623.0,1110.0,154.0,18.0,NHS Lothian
734,S08000024,01/10/17,1518.0,991.0,162.0,21.0,NHS Lothian
735,S08000024,01/09/17,1487.0,958.0,142.0,24.0,NHS Lothian
736,S08000024,01/08/17,1456.0,949.0,127.0,17.0,NHS Lothian
737,S08000024,01/07/17,1499.0,962.0,120.0,21.0,NHS Lothian
738,S08000024,01/06/17,1501.0,1024.0,106.0,14.0,NHS Lothian
739,S08000024,01/05/17,1425.0,1006.0,94.0,9.0,NHS Lothian
740,S08000024,01/04/17,1457.0,964.0,101.0,13.0,NHS Lothian
741,S08000024,01/03/17,1472.0,1006.0,109.0,26.0,NHS Lothian
742,S08000024,01/02/17,1470.0,992.0,151.0,33.0,NHS Lothian
743,S08000024,01/01/17,1564.0,992.0,213.0,52.0,NHS Lothian
744,S08000024,01/12/16,1471.0,892.0,243.0,56.0,NHS Lothian
745,S08000024,01/11/16,1570.0,886.0,277.0,49.0,NHS Lothian
746,S08000024,01/10/16,1588.0,805.0,317.0,54.0,NHS Lothian
747,S08000024,01/09/16,1629.0,819.0,307.0,54.0,NHS Lothian
748,S08000024,01/08/16,1691.0,838.0,328.0,80.0,NHS Lothian
749,S08000024,01/07/16,1817.0,956.0,330.0,76.0,NHS Lothian
750,S08000024,01/06/16,1857.0,1040.0,282.0,66.0,NHS Lothian
751,S08000024,01/05/16,1996.0,1132.0,289.0,76.0,NHS Lothian
752,S08000024,01/04/16,2085.0,1154.0,303.0,91.0,NHS Lothian
753,S08000024,01/03/16,2078.0,1190.0,283.0,97.0,NHS Lothian
754,S08000024,01/02/16,2060.0,1245.0,328.0,61.0,NHS Lothian
755,S08000024,01/01/16,1929.0,1182.0,288.0,35.0,NHS Lothian
756,S08000024,01/12/15,1900.0,1191.0,256.0,28.0,NHS Lothian
757,S08000024,01/11/15,1826.0,1139.0,236.0,15.0,NHS Lothian
758,S08000024,01/10/15,1677.0,947.0,215.0,12.0,NHS Lothian
759,S08000024,01/09/15,1668.0,988.0,154.0,8.0,NHS Lothian
760,S08000024,01/08/15,1737.0,1043.0,167.0,6.0,NHS Lothian
761,S08000024,01/07/15,1737.0,1096.0,131.0,5.0,NHS Lothian
762,S08000024,01/06/15,1708.0,1192.0,88.0,1.0,NHS Lothian
763,S08000024,01/05/15,1709.0,1222.0,79.0,5.0,NHS Lothian
764,S08000024,01/04/15,1687.0,1206.0,60.0,4.0,NHS Lothian
765,S08000024,01/03/15,1704.0,1259.0,57.0,3.0,NHS Lothian
766,S08000024,01/02/15,1699.0,1253.0,51.0,9.0,NHS Lothian
767,S08000024,01/01/15,1651.0,1223.0,55.0,10.0,NHS Lothian
768,S08000024,01/12/14,1784.0,1290.0,115.0,14.0,NHS Lothian
769,S08000024,01/11/14,1678.0,1185.0,139.0,29.0,NHS Lothian
770,S08000024,01/10/14,1680.0,1154.0,156.0,45.0,NHS Lothian
771,S08000024,01/09/14,1724.0,1101.0,178.0,62.0,NHS Lothian
772,S08000024,01/08/14,1565.0,964.0,170.0,49.0,NHS Lothian
773,S08000024,01/07/14,,,,,NHS Lothian
774,S08000024,01/06/14,,,,,NHS Lothian
775,S08000024,01/05/14,1569.0,1135.0,113.0,3.0,NHS Lothian
776,S08000024,01/04/14,1537.0,1075.0,103.0,1.0,NHS Lothian
777,S08000024,01/03/14,1587.0,1180.0,95.0,1.0,NHS Lothian
778,S08000024,01/02/14,1482.0,1122.0,71.0,0.0,NHS Lothian
779,S08000024,01/01/14,1434.0,1106.0,52.0,1.0,NHS Lothian
780,S08000024,01/12/13,1398.0,1080.0,39.0,5.0,NHS Lothian
781,S08000024,01/11/13,1268.0,975.0,43.0,2.0,NHS Lothian
782,S08000024,01/10/13,1211.0,905.0,47.0,4.0,NHS Lothian
783,S08000024,01/09/13,1168.0,885.0,40.0,3.0,NHS Lothian
784,S08000024,01/08/13,1095.0,853.0,32.0,3.0,NHS Lothian
785,S08000024,01/07/13,1170.0,910.0,26.0,4.0,NHS Lothian
786,S08000024,01/06/13,1194.0,992.0,17.0,3.0,NHS Lothian
787,S08000024,01/05/13,1159.0,955.0,12.0,7.0,NHS Lothian
788,S08000024,01/04/13,1136.0,908.0,22.0,3.0,NHS Lothian
789,S08000024,01/03/13,1224.0,1064.0,19.0,0.0,NHS Lothian
790,S08000024,01/02/13,1118.0,970.0,22.0,0.0,NHS Lothian
791,S08000024,01/01/13,989.0,857.0,26.0,0.0,NHS Lothian
792,S08000024,01/12/12,990.0,784.0,38.0,4.0,NHS Lothian
793,S08000024,01/11/12,967.0,728.0,36.0,5.0,NHS Lothian
794,S08000024,01/10/12,941.0,667.0,36.0,0.0,NHS Lothian
795,S08000024,01/09/12,517.0,486.0,1.0,0.0,NHS Lothian
796,S08000024,01/08/12,518.0,489.0,1.0,0.0,NHS Lothian
797,S08000024,01/07/12,888.0,668.0,5.0,0.0,NHS Lothian
798,S08000025,01/12/21,,,,,NHS Orkney
799,S08000025,01/11/21,,,,,NHS Orkney
800,S08000025,01/10/21,,,,,NHS Orkney
801,S08000025,01/09/21,,,,,NHS Orkney
802,S08000025,01/08/21,,,,,NHS Orkney
803,S08000025,01/07/21,,,,,NHS Orkney
804,S08000025,01/06/21,,,,,NHS Orkney
805,S08000025,01/05/21,,,,,NHS Orkney
806,S08000025,01/04/21,,,,,NHS Orkney
807,S08000025,01/03/21,,,,,NHS Orkney
808,S08000025,01/02/21,,,,,NHS Orkney
809,S08000025,01/01/21,,,,,NHS Orkney
810,S08000025,01/12/20,,,,,NHS Orkney
811,S08000025,01/11/20,,,,,NHS Orkney
812,S08000025,01/10/20,,,,,NHS Orkney
813,S08000025,01/09/20,29.0,14.0,5.0,0.0,NHS Orkney
814,S08000025,01/08/20,30.0,13.0,6.0,0.0,NHS Orkney
815,S08000025,01/07/20,28.0,11.0,3.0,0.0,NHS Orkney
816,S08000025,01/06/20,27.0,14.0,2.0,0.0,NHS Orkney
817,S08000025,01/05/20,28.0,15.0,2.0,0.0,NHS Orkney
818,S08000025,01/04/20,,,0.0,0.0,NHS Orkney
819,S08000025,01/03/20,25.0,19.0,0.0,0.0,NHS Orkney
820,S08000025,01/02/20,28.0,23.0,0.0,1.0,NHS Orkney
821,S08000025,01/01/20,24.0,17.0,2.0,2.0,NHS Orkney
822,S08000025,01/12/19,20.0,14.0,5.0,0.0,NHS Orkney
823,S08000025,01/11/19,26.0,16.0,7.0,0.0,NHS Orkney
824,S08000025,01/10/19,29.0,19.0,6.0,1.0,NHS Orkney
825,S08000025,01/09/19,27.0,14.0,9.0,0.0,NHS Orkney
826,S08000025,01/08/19,26.0,14.0,4.0,0.0,NHS Orkney
827,S08000025,01/07/19,30.0,15.0,3.0,0.0,NHS Orkney
828,S08000025,01/06/19,28.0,16.0,2.0,0.0,NHS Orkney
829,S08000025,01/05/19,39.0,23.0,0.0,0.0,NHS Orkney
830,S08000025,01/04/19,32.0,23.0,0.0,0.0,NHS Orkney
831,S08000025,01/03/19,25.0,20.0,0.0,0.0,NHS Orkney
832,S08000025,01/02/19,31.0,25.0,0.0,0.0,NHS Orkney
833,S08000025,01/01/19,33.0,31.0,0.0,0.0,NHS Orkney
834,S08000025,01/12/18,24.0,22.0,0.0,0.0,NHS Orkney
835,S08000025,01/11/18,17.0,17.0,0.0,0.0,NHS Orkney
836,S08000025,01/10/18,18.0,18.0,0.0,0.0,NHS Orkney
837,S08000025,01/09/18,16.0,16.0,0.0,0.0,NHS Orkney
838,S08000025,01/08/18,,,0.0,0.0,NHS Orkney
839,S08000025,01/07/18,5.0,5.0,0.0,0.0,NHS Orkney
840,S08000025,01/06/18,9.0,9.0,0.0,0.0,NHS Orkney
841,S08000025,01/05/18,18.0,16.0,2.0,0.0,NHS Orkney
842,S08000025,01/04/18,26.0,19.0,3.0,0.0,NHS Orkney
843,S08000025,01/03/18,25.0,19.0,4.0,0.0,NHS Orkney
844,S08000025,01/02/18,28.0,21.0,0.0,0.0,NHS Orkney
845,S08000025,01/01/18,32.0,23.0,0.0,0.0,NHS Orkney
846,S08000025,01/12/17,37.0,31.0,0.0,0.0,NHS Orkney
847,S08000025,01/11/17,26.0,19.0,0.0,0.0,NHS Orkney
848,S08000025,01/10/17,24.0,18.0,0.0,0.0,NHS Orkney
849,S08000025,01/09/17,21.0,19.0,0.0,0.0,NHS Orkney
850,S08000025,01/08/17,16.0,15.0,0.0,0.0,NHS Orkney
851,S08000025,01/07/17,13.0,13.0,0.0,0.0,NHS Orkney
852,S08000025,01/06/17,11.0,11.0,0.0,0.0,NHS Orkney
853,S08000025,01/05/17,12.0,12.0,0.0,0.0,NHS Orkney
854,S08000025,01/04/17,12.0,12.0,0.0,0.0,NHS Orkney
855,S08000025,01/03/17,11.0,10.0,0.0,0.0,NHS Orkney
856,S08000025,01/02/17,8.0,8.0,0.0,0.0,NHS Orkney
857,S08000025,01/01/17,14.0,14.0,0.0,0.0,NHS Orkney
858,S08000025,01/12/16,12.0,12.0,0.0,0.0,NHS Orkney
859,S08000025,01/11/16,10.0,10.0,0.0,0.0,NHS Orkney
860,S08000025,01/10/16,9.0,9.0,0.0,0.0,NHS Orkney
861,S08000025,01/09/16,,,0.0,0.0,NHS Orkney
862,S08000025,01/08/16,0.0,0.0,0.0,0.0,NHS Orkney
863,S08000025,01/07/16,,,0.0,0.0,NHS Orkney
864,S08000025,01/06/16,,,0.0,0.0,NHS Orkney
865,S08000025,01/05/16,5.0,5.0,0.0,0.0,NHS Orkney
866,S08000025,01/04/16,,,0.0,0.0,NHS Orkney
867,S08000025,01/03/16,0.0,0.0,0.0,0.0,NHS Orkney
868,S08000025,01/02/16,,,0.0,0.0,NHS Orkney
869,S08000025,01/01/16,7.0,7.0,0.0,0.0,NHS Orkney
870,S08000025,01/12/15,6.0,6.0,0.0,0.0,NHS Orkney
871,S08000025,01/11/15,7.0,7.0,0.0,0.0,NHS Orkney
872,S08000025,01/10/15,6.0,6.0,0.0,0.0,NHS Orkney
873,S08000025,01/09/15,6.0,6.0,0.0,0.0,NHS Orkney
874,S08000025,01/08/15,,,0.0,0.0,NHS Orkney
875,S08000025,01/07/15,5.0,5.0,0.0,0.0,NHS Orkney
876,S08000025,01/06/15,,,0.0,0.0,NHS Orkney
877,S08000025,01/05/15,,,0.0,0.0,NHS Orkney
878,S08000025,01/04/15,6.0,6.0,0.0,0.0,NHS Orkney
879,S08000025,01/03/15,6.0,6.0,0.0,0.0,NHS Orkney
880,S08000025,01/02/15,10.0,10.0,0.0,0.0,NHS Orkney
881,S08000025,01/01/15,13.0,13.0,0.0,0.0,NHS Orkney
882,S08000025,01/12/14,6.0,6.0,0.0,0.0,NHS Orkney
883,S08000025,01/11/14,8.0,8.0,0.0,0.0,NHS Orkney
884,S08000025,01/10/14,,,0.0,0.0,NHS Orkney
885,S08000025,01/09/14,7.0,7.0,0.0,0.0,NHS Orkney
886,S08000025,01/08/14,,,0.0,0.0,NHS Orkney
887,S08000025,01/07/14,,,0.0,0.0,NHS Orkney
888,S08000025,01/06/14,,,0.0,0.0,NHS Orkney
889,S08000025,01/05/14,12.0,12.0,0.0,0.0,NHS Orkney
890,S08000025,01/04/14,,,0.0,0.0,NHS Orkney
891,S08000025,01/03/14,6.0,6.0,0.0,0.0,NHS Orkney
892,S08000025,01/02/14,,,0.0,0.0,NHS Orkney
893,S08000025,01/01/14,6.0,6.0,0.0,0.0,NHS Orkney
894,S08000025,01/12/13,7.0,7.0,0.0,0.0,NHS Orkney
895,S08000025,01/11/13,10.0,10.0,0.0,0.0,NHS Orkney
896,S08000025,01/10/13,7.0,7.0,0.0,0.0,NHS Orkney
897,S08000025,01/09/13,5.0,5.0,0.0,0.0,NHS Orkney
898,S08000025,01/08/13,,,0.0,0.0,NHS Orkney
899,S08000025,01/07/13,,,0.0,0.0,NHS Orkney
900,S08000025,01/06/13,11.0,11.0,0.0,0.0,NHS Orkney
901,S08000025,01/05/13,,,0.0,0.0,NHS Orkney
902,S08000025,01/04/13,7.0,7.0,0.0,0.0,NHS Orkney
903,S08000025,01/03/13,10.0,10.0,0.0,0.0,NHS Orkney
904,S08000025,01/02/13,10.0,9.0,0.0,0.0,NHS Orkney
905,S08000025,01/01/13,10.0,10.0,0.0,0.0,NHS Orkney
906,S08000025,01/12/12,5.0,5.0,0.0,0.0,NHS Orkney
907,S08000025,01/11/12,,,0.0,0.0,NHS Orkney
908,S08000025,01/10/12,,,0.0,0.0,NHS Orkney
909,S08000025,01/09/12,,,,,NHS Orkney
910,S08000025,01/08/12,,,,,NHS Orkney
911,S08000025,01/07/12,,,,,NHS Orkney
912,S08000026,01/12/21,,,0.0,0.0,NHS Shetland
913,S08000026,01/11/21,25.0,25.0,0.0,0.0,NHS Shetland
914,S08000026,01/10/21,25.0,25.0,0.0,0.0,NHS Shetland
915,S08000026,01/09/21,23.0,23.0,0.0,0.0,NHS Shetland
916,S08000026,01/08/21,18.0,18.0,0.0,0.0,NHS Shetland
917,S08000026,01/07/21,,,0.0,0.0,NHS Shetland
918,S08000026,01/06/21,14.0,14.0,0.0,0.0,NHS Shetland
919,S08000026,01/05/21,14.0,14.0,0.0,0.0,NHS Shetland
920,S08000026,01/04/21,13.0,13.0,0.0,0.0,NHS Shetland
921,S08000026,01/03/21,19.0,16.0,0.0,0.0,NHS Shetland
922,S08000026,01/02/21,32.0,14.0,0.0,0.0,NHS Shetland
923,S08000026,01/01/21,33.0,13.0,0.0,0.0,NHS Shetland
924,S08000026,01/12/20,,,0.0,0.0,NHS Shetland
925,S08000026,01/11/20,39.0,32.0,0.0,0.0,NHS Shetland
926,S08000026,01/10/20,51.0,49.0,0.0,0.0,NHS Shetland
927,S08000026,01/09/20,40.0,39.0,0.0,0.0,NHS Shetland
928,S08000026,01/08/20,,,0.0,0.0,NHS Shetland
929,S08000026,01/07/20,,,0.0,0.0,NHS Shetland
930,S08000026,01/06/20,,,0.0,0.0,NHS Shetland
931,S08000026,01/05/20,,,,0.0,NHS Shetland
932,S08000026,01/04/20,28.0,14.0,0.0,0.0,NHS Shetland
933,S08000026,01/03/20,38.0,25.0,0.0,0.0,NHS Shetland
934,S08000026,01/02/20,41.0,35.0,0.0,0.0,NHS Shetland
935,S08000026,01/01/20,36.0,30.0,0.0,0.0,NHS Shetland
936,S08000026,01/12/19,30.0,30.0,0.0,0.0,NHS Shetland
937,S08000026,01/11/19,23.0,23.0,0.0,0.0,NHS Shetland
938,S08000026,01/10/19,16.0,16.0,0.0,0.0,NHS Shetland
939,S08000026,01/09/19,27.0,27.0,0.0,0.0,NHS Shetland
940,S08000026,01/08/19,17.0,17.0,0.0,0.0,NHS Shetland
941,S08000026,01/07/19,24.0,24.0,0.0,0.0,NHS Shetland
942,S08000026,01/06/19,34.0,34.0,0.0,0.0,NHS Shetland
943,S08000026,01/05/19,34.0,34.0,0.0,0.0,NHS Shetland
944,S08000026,01/04/19,42.0,42.0,0.0,0.0,NHS Shetland
945,S08000026,01/03/19,41.0,41.0,0.0,0.0,NHS Shetland
946,S08000026,01/02/19,34.0,34.0,0.0,0.0,NHS Shetland
947,S08000026,01/01/19,27.0,27.0,0.0,0.0,NHS Shetland
948,S08000026,01/12/18,,,0.0,0.0,NHS Shetland
949,S08000026,01/11/18,21.0,21.0,0.0,0.0,NHS Shetland
950,S08000026,01/10/18,23.0,23.0,0.0,0.0,NHS Shetland
951,S08000026,01/09/18,27.0,27.0,0.0,0.0,NHS Shetland
952,S08000026,01/08/18,23.0,23.0,0.0,0.0,NHS Shetland
953,S08000026,01/07/18,22.0,22.0,0.0,0.0,NHS Shetland
954,S08000026,01/06/18,34.0,34.0,0.0,0.0,NHS Shetland
955,S08000026,01/05/18,36.0,36.0,0.0,0.0,NHS Shetland
956,S08000026,01/04/18,41.0,40.0,0.0,0.0,NHS Shetland
957,S08000026,01/03/18,41.0,40.0,0.0,0.0,NHS Shetland
958,S08000026,01/02/18,37.0,37.0,0.0,0.0,NHS Shetland
959,S08000026,01/01/18,33.0,33.0,0.0,0.0,NHS Shetland
960,S08000026,01/12/17,27.0,27.0,0.0,0.0,NHS Shetland
961,S08000026,01/11/17,20.0,20.0,0.0,0.0,NHS Shetland
962,S08000026,01/10/17,17.0,17.0,0.0,0.0,NHS Shetland
963,S08000026,01/09/17,22.0,22.0,0.0,0.0,NHS Shetland
964,S08000026,01/08/17,16.0,12.0,0.0,0.0,NHS Shetland
965,S08000026,01/07/17,24.0,24.0,0.0,0.0,NHS Shetland
966,S08000026,01/06/17,23.0,23.0,0.0,0.0,NHS Shetland
967,S08000026,01/05/17,20.0,20.0,0.0,0.0,NHS Shetland
968,S08000026,01/04/17,17.0,17.0,0.0,0.0,NHS Shetland
969,S08000026,01/03/17,13.0,13.0,0.0,0.0,NHS Shetland
970,S08000026,01/02/17,8.0,8.0,0.0,0.0,NHS Shetland
971,S08000026,01/01/17,10.0,10.0,0.0,0.0,NHS Shetland
972,S08000026,01/12/16,13.0,13.0,0.0,0.0,NHS Shetland
973,S08000026,01/11/16,11.0,11.0,0.0,0.0,NHS Shetland
974,S08000026,01/10/16,13.0,13.0,0.0,0.0,NHS Shetland
975,S08000026,01/09/16,13.0,13.0,0.0,0.0,NHS Shetland
976,S08000026,01/08/16,,,0.0,0.0,NHS Shetland
977,S08000026,01/07/16,,,0.0,0.0,NHS Shetland
978,S08000026,01/06/16,18.0,11.0,0.0,0.0,NHS Shetland
979,S08000026,01/05/16,21.0,14.0,0.0,0.0,NHS Shetland
980,S08000026,01/04/16,27.0,16.0,0.0,0.0,NHS Shetland
981,S08000026,01/03/16,35.0,22.0,1.0,0.0,NHS Shetland
982,S08000026,01/02/16,32.0,21.0,1.0,0.0,NHS Shetland
983,S08000026,01/01/16,42.0,27.0,6.0,0.0,NHS Shetland
984,S08000026,01/12/15,49.0,33.0,8.0,0.0,NHS Shetland
985,S08000026,01/11/15,37.0,20.0,6.0,0.0,NHS Shetland
986,S08000026,01/10/15,31.0,13.0,0.0,0.0,NHS Shetland
987,S08000026,01/09/15,27.0,11.0,0.0,0.0,NHS Shetland
988,S08000026,01/08/15,27.0,13.0,0.0,0.0,NHS Shetland
989,S08000026,01/07/15,28.0,21.0,0.0,0.0,NHS Shetland
990,S08000026,01/06/15,38.0,36.0,0.0,0.0,NHS Shetland
991,S08000026,01/05/15,,,,,NHS Shetland
992,S08000026,01/04/15,,,,,NHS Shetland
993,S08000026,01/03/15,,,,,NHS Shetland
994,S08000026,01/02/15,30.0,27.0,0.0,0.0,NHS Shetland
995,S08000026,01/01/15,28.0,26.0,0.0,0.0,NHS Shetland
996,S08000026,01/12/14,23.0,23.0,0.0,0.0,NHS Shetland
997,S08000026,01/11/14,21.0,21.0,0.0,0.0,NHS Shetland
998,S08000026,01/10/14,10.0,10.0,0.0,0.0,NHS Shetland
999,S08000026,01/09/14,13.0,12.0,0.0,0.0,NHS Shetland
1000,S08000026,01/08/14,11.0,11.0,0.0,0.0,NHS Shetland
1001,S08000026,01/07/14,15.0,11.0,0.0,0.0,NHS Shetland
1002,S08000026,01/06/14,19.0,17.0,0.0,0.0,NHS Shetland
1003,S08000026,01/05/14,18.0,14.0,0.0,0.0,NHS Shetland
1004,S08000026,01/04/14,15.0,15.0,0.0,0.0,NHS Shetland
1005,S08000026,01/03/14,18.0,16.0,0.0,0.0,NHS Shetland
1006,S08000026,01/02/14,,,0.0,0.0,NHS Shetland
1007,S08000026,01/01/14,14.0,13.0,0.0,0.0,NHS Shetland
1008,S08000026,01/12/13,19.0,19.0,0.0,0.0,NHS Shetland
1009,S08000026,01/11/13,17.0,17.0,0.0,0.0,NHS Shetland
1010,S08000026,01/10/13,11.0,11.0,0.0,0.0,NHS Shetland
1011,S08000026,01/09/13,5.0,5.0,0.0,0.0,NHS Shetland
1012,S08000026,01/08/13,,,0.0,0.0,NHS Shetland
1013,S08000026,01/07/13,,,0.0,0.0,NHS Shetland
1014,S08000026,01/06/13,,,0.0,0.0,NHS Shetland
1015,S08000026,01/05/13,7.0,6.0,0.0,0.0,NHS Shetland
1016,S08000026,01/04/13,6.0,4.0,0.0,0.0,NHS Shetland
1017,S08000026,01/03/13,8.0,7.0,0.0,0.0,NHS Shetland
1018,S08000026,01/02/13,6.0,6.0,0.0,0.0,NHS Shetland
1019,S08000026,01/01/13,7.0,7.0,0.0,0.0,NHS Shetland
1020,S08000026,01/12/12,10.0,10.0,0.0,0.0,NHS Shetland
1021,S08000026,01/11/12,,,0.0,0.0,NHS Shetland
1022,S08000026,01/10/12,,,0.0,0.0,NHS Shetland
1023,S08000026,01/09/12,7.0,7.0,0.0,0.0,NHS Shetland
1024,S08000026,01/08/12,,,0.0,0.0,NHS Shetland
1025,S08000026,01/07/12,,,0.0,0.0,NHS Shetland
1026,S08000028,01/12/21,,,0.0,0.0,NHS Western Isles
1027,S08000028,01/11/21,9.0,9.0,0.0,0.0,NHS Western Isles
1028,S08000028,01/10/21,10.0,10.0,0.0,0.0,NHS Western Isles
1029,S08000028,01/09/21,6.0,6.0,0.0,0.0,NHS Western Isles
1030,S08000028,01/08/21,5.0,5.0,0.0,0.0,NHS Western Isles
1031,S08000028,01/07/21,,,0.0,0.0,NHS Western Isles
1032,S08000028,01/06/21,5.0,5.0,0.0,0.0,NHS Western Isles
1033,S08000028,01/05/21,11.0,11.0,0.0,0.0,NHS Western Isles
1034,S08000028,01/04/21,10.0,10.0,0.0,0.0,NHS Western Isles
1035,S08000028,01/03/21,10.0,10.0,0.0,0.0,NHS Western Isles
1036,S08000028,01/02/21,5.0,5.0,0.0,0.0,NHS Western Isles
1037,S08000028,01/01/21,6.0,6.0,0.0,0.0,NHS Western Isles
1038,S08000028,01/12/20,,,0.0,0.0,NHS Western Isles
1039,S08000028,01/11/20,5.0,5.0,0.0,0.0,NHS Western Isles
1040,S08000028,01/10/20,5.0,5.0,0.0,0.0,NHS Western Isles
1041,S08000028,01/09/20,15.0,15.0,0.0,0.0,NHS Western Isles
1042,S08000028,01/08/20,,,0.0,0.0,NHS Western Isles
1043,S08000028,01/07/20,,,0.0,0.0,NHS Western Isles
1044,S08000028,01/06/20,,,0.0,0.0,NHS Western Isles
1045,S08000028,01/05/20,,,,0.0,NHS Western Isles
1046,S08000028,01/04/20,,,0.0,0.0,NHS Western Isles
1047,S08000028,01/03/20,5.0,5.0,0.0,0.0,NHS Western Isles
1048,S08000028,01/02/20,11.0,11.0,0.0,0.0,NHS Western Isles
1049,S08000028,01/01/20,12.0,12.0,0.0,0.0,NHS Western Isles
1050,S08000028,01/12/19,13.0,13.0,0.0,0.0,NHS Western Isles
1051,S08000028,01/11/19,16.0,16.0,0.0,0.0,NHS Western Isles
1052,S08000028,01/10/19,12.0,12.0,0.0,0.0,NHS Western Isles
1053,S08000028,01/09/19,14.0,14.0,0.0,0.0,NHS Western Isles
1054,S08000028,01/08/19,12.0,12.0,0.0,0.0,NHS Western Isles
1055,S08000028,01/07/19,6.0,6.0,0.0,0.0,NHS Western Isles
1056,S08000028,01/06/19,9.0,9.0,0.0,0.0,NHS Western Isles
1057,S08000028,01/05/19,18.0,18.0,0.0,0.0,NHS Western Isles
1058,S08000028,01/04/19,9.0,9.0,0.0,0.0,NHS Western Isles
1059,S08000028,01/03/19,16.0,16.0,0.0,0.0,NHS Western Isles
1060,S08000028,01/02/19,13.0,13.0,0.0,0.0,NHS Western Isles
1061,S08000028,01/01/19,10.0,10.0,0.0,0.0,NHS Western Isles
1062,S08000028,01/12/18,,,0.0,0.0,NHS Western Isles
1063,S08000028,01/11/18,5.0,4.0,0.0,0.0,NHS Western Isles
1064,S08000028,01/10/18,7.0,7.0,0.0,0.0,NHS Western Isles
1065,S08000028,01/09/18,16.0,15.0,0.0,0.0,NHS Western Isles
1066,S08000028,01/08/18,,,0.0,0.0,NHS Western Isles
1067,S08000028,01/07/18,5.0,5.0,0.0,0.0,NHS Western Isles
1068,S08000028,01/06/18,12.0,12.0,0.0,0.0,NHS Western Isles
1069,S08000028,01/05/18,12.0,12.0,0.0,0.0,NHS Western Isles
1070,S08000028,01/04/18,7.0,7.0,0.0,0.0,NHS Western Isles
1071,S08000028,01/03/18,9.0,9.0,0.0,0.0,NHS Western Isles
1072,S08000028,01/02/18,15.0,15.0,0.0,0.0,NHS Western Isles
1073,S08000028,01/01/18,13.0,13.0,0.0,0.0,NHS Western Isles
1074,S08000028,01/12/17,12.0,12.0,0.0,0.0,NHS Western Isles
1075,S08000028,01/11/17,8.0,8.0,0.0,0.0,NHS Western Isles
1076,S08000028,01/10/17,10.0,10.0,0.0,0.0,NHS Western Isles
1077,S08000028,01/09/17,15.0,15.0,0.0,0.0,NHS Western Isles
1078,S08000028,01/08/17,13.0,13.0,0.0,0.0,NHS Western Isles
1079,S08000028,01/07/17,5.0,5.0,0.0,0.0,NHS Western Isles
1080,S08000028,01/06/17,13.0,13.0,0.0,0.0,NHS Western Isles
1081,S08000028,01/05/17,16.0,16.0,0.0,0.0,NHS Western Isles
1082,S08000028,01/04/17,14.0,14.0,0.0,0.0,NHS Western Isles
1083,S08000028,01/03/17,19.0,19.0,0.0,0.0,NHS Western Isles
1084,S08000028,01/02/17,16.0,16.0,0.0,0.0,NHS Western Isles
1085,S08000028,01/01/17,10.0,10.0,0.0,0.0,NHS Western Isles
1086,S08000028,01/12/16,8.0,8.0,0.0,0.0,NHS Western Isles
1087,S08000028,01/11/16,8.0,8.0,0.0,0.0,NHS Western Isles
1088,S08000028,01/10/16,14.0,14.0,0.0,0.0,NHS Western Isles
1089,S08000028,01/09/16,,,0.0,0.0,NHS Western Isles
1090,S08000028,01/08/16,,,0.0,0.0,NHS Western Isles
1091,S08000028,01/07/16,10.0,10.0,0.0,0.0,NHS Western Isles
1092,S08000028,01/06/16,,,0.0,0.0,NHS Western Isles
1093,S08000028,01/05/16,13.0,13.0,0.0,0.0,NHS Western Isles
1094,S08000028,01/04/16,,,0.0,0.0,NHS Western Isles
1095,S08000028,01/03/16,10.0,10.0,0.0,0.0,NHS Western Isles
1096,S08000028,01/02/16,,,0.0,0.0,NHS Western Isles
1097,S08000028,01/01/16,18.0,18.0,0.0,0.0,NHS Western Isles
1098,S08000028,01/12/15,12.0,12.0,0.0,0.0,NHS Western Isles
1099,S08000028,01/11/15,8.0,8.0,0.0,0.0,NHS Western Isles
1100,S08000028,01/10/15,7.0,7.0,0.0,0.0,NHS Western Isles
1101,S08000028,01/09/15,16.0,16.0,0.0,0.0,NHS Western Isles
1102,S08000028,01/08/15,,,0.0,0.0,NHS Western Isles
1103,S08000028,01/07/15,10.0,10.0,0.0,0.0,NHS Western Isles
1104,S08000028,01/06/15,,,0.0,0.0,NHS Western Isles
1105,S08000028,01/05/15,,,0.0,0.0,NHS Western Isles
1106,S08000028,01/04/15,14.0,14.0,0.0,0.0,NHS Western Isles
1107,S08000028,01/03/15,20.0,20.0,0.0,0.0,NHS Western Isles
1108,S08000028,01/02/15,10.0,10.0,0.0,0.0,NHS Western Isles
1109,S08000028,01/01/15,11.0,11.0,0.0,0.0,NHS Western Isles
1110,S08000028,01/12/14,13.0,13.0,0.0,0.0,NHS Western Isles
1111,S08000028,01/11/14,12.0,12.0,0.0,0.0,NHS Western Isles
1112,S08000028,01/10/14,,,0.0,0.0,NHS Western Isles
1113,S08000028,01/09/14,7.0,7.0,0.0,0.0,NHS Western Isles
1114,S08000028,01/08/14,,,0.0,0.0,NHS Western Isles
1115,S08000028,01/07/14,,,0.0,0.0,NHS Western Isles
1116,S08000028,01/06/14,,,0.0,0.0,NHS Western Isles
1117,S08000028,01/05/14,5.0,5.0,0.0,0.0,NHS Western Isles
1118,S08000028,01/04/14,,,0.0,0.0,NHS Western Isles
1119,S08000028,01/03/14,7.0,7.0,0.0,0.0,NHS Western Isles
1120,S08000028,01/02/14,19.0,19.0,0.0,0.0,NHS Western Isles
1121,S08000028,01/01/14,14.0,14.0,0.0,0.0,NHS Western Isles
1122,S08000028,01/12/13,6.0,6.0,0.0,0.0,NHS Western Isles
1123,S08000028,01/11/13,9.0,9.0,0.0,0.0,NHS Western Isles
1124,S08000028,01/10/13,9.0,9.0,0.0,0.0,NHS Western Isles
1125,S08000028,01/09/13,8.0,8.0,0.0,0.0,NHS Western Isles
1126,S08000028,01/08/13,8.0,8.0,0.0,0.0,NHS Western Isles
1127,S08000028,01/07/13,9.0,9.0,0.0,0.0,NHS Western Isles
1128,S08000028,01/06/13,,,0.0,0.0,NHS Western Isles
1129,S08000028,01/05/13,,,0.0,0.0,NHS Western Isles
1130,S08000028,01/04/13,7.0,7.0,0.0,0.0,NHS Western Isles
1131,S08000028,01/03/13,7.0,7.0,0.0,0.0,NHS Western Isles
1132,S08000028,01/02/13,7.0,7.0,0.0,0.0,NHS Western Isles
1133,S08000028,01/01/13,11.0,11.0,0.0,0.0,NHS Western Isles
1134,S08000028,01/12/12,14.0,14.0,0.0,0.0,NHS Western Isles
1135,S08000028,01/11/12,13.0,13.0,0.0,0.0,NHS Western Isles
1136,S08000028,01/10/12,8.0,6.0,0.0,0.0,NHS Western Isles
1137,S08000028,01/09/12,11.0,10.0,0.0,0.0,NHS Western Isles
1138,S08000028,01/08/12,,,0.0,0.0,NHS Western Isles
1139,S08000028,01/07/12,,,0.0,0.0,NHS Western Isles
1140,S08000029,01/12/21,482.0,317.0,32.0,34.0,NHS Fife
1141,S08000029,01/11/21,440.0,286.0,44.0,27.0,NHS Fife
1142,S08000029,01/10/21,403.0,237.0,42.0,28.0,NHS Fife
1143,S08000029,01/09/21,399.0,253.0,54.0,21.0,NHS Fife
1144,S08000029,01/08/21,382.0,249.0,60.0,12.0,NHS Fife
1145,S08000029,01/07/21,355.0,221.0,55.0,5.0,NHS Fife
1146,S08000029,01/06/21,352.0,221.0,43.0,8.0,NHS Fife
1147,S08000029,01/05/21,317.0,177.0,38.0,3.0,NHS Fife
1148,S08000029,01/04/21,347.0,189.0,23.0,25.0,NHS Fife
1149,S08000029,01/03/21,353.0,179.0,16.0,61.0,NHS Fife
1150,S08000029,01/02/21,388.0,193.0,23.0,88.0,NHS Fife
1151,S08000029,01/01/21,398.0,223.0,41.0,66.0,NHS Fife
1152,S08000029,01/12/20,421.0,266.0,57.0,54.0,NHS Fife
1153,S08000029,01/11/20,380.0,234.0,75.0,39.0,NHS Fife
1154,S08000029,01/10/20,340.0,188.0,80.0,30.0,NHS Fife
1155,S08000029,01/09/20,316.0,170.0,60.0,15.0,NHS Fife
1156,S08000029,01/08/20,316.0,138.0,71.0,9.0,NHS Fife
1157,S08000029,01/07/20,308.0,113.0,61.0,8.0,NHS Fife
1158,S08000029,01/06/20,330.0,133.0,63.0,20.0,NHS Fife
1159,S08000029,01/05/20,398.0,196.0,58.0,35.0,NHS Fife
1160,S08000029,01/04/20,462.0,227.0,47.0,42.0,NHS Fife
1161,S08000029,01/03/20,524.0,302.0,30.0,42.0,NHS Fife
1162,S08000029,01/02/20,522.0,302.0,40.0,37.0,NHS Fife
1163,S08000029,01/01/20,502.0,307.0,37.0,32.0,NHS Fife
1164,S08000029,01/12/19,510.0,324.0,55.0,31.0,NHS Fife
1165,S08000029,01/11/19,546.0,373.0,66.0,28.0,NHS Fife
1166,S08000029,01/10/19,696.0,357.0,112.0,72.0,NHS Fife
1167,S08000029,01/09/19,744.0,376.0,87.0,95.0,NHS Fife
1168,S08000029,01/08/19,760.0,348.0,85.0,123.0,NHS Fife
1169,S08000029,01/07/19,755.0,318.0,73.0,122.0,NHS Fife
1170,S08000029,01/06/19,800.0,371.0,59.0,139.0,NHS Fife
1171,S08000029,01/05/19,793.0,415.0,72.0,123.0,NHS Fife
1172,S08000029,01/04/19,806.0,424.0,87.0,108.0,NHS Fife
1173,S08000029,01/03/19,897.0,527.0,98.0,103.0,NHS Fife
1174,S08000029,01/02/19,850.0,521.0,109.0,84.0,NHS Fife
1175,S08000029,01/01/19,790.0,491.0,89.0,78.0,NHS Fife
1176,S08000029,01/12/18,827.0,498.0,88.0,89.0,NHS Fife
1177,S08000029,01/11/18,784.0,470.0,90.0,88.0,NHS Fife
1178,S08000029,01/10/18,705.0,390.0,77.0,72.0,NHS Fife
1179,S08000029,01/09/18,715.0,455.0,84.0,60.0,NHS Fife
1180,S08000029,01/08/18,753.0,493.0,99.0,40.0,NHS Fife
1181,S08000029,01/07/18,724.0,452.0,110.0,34.0,NHS Fife
1182,S08000029,01/06/18,911.0,553.0,132.0,34.0,NHS Fife
1183,S08000029,01/05/18,885.0,532.0,111.0,30.0,NHS Fife
1184,S08000029,01/04/18,880.0,522.0,83.0,33.0,NHS Fife
1185,S08000029,01/03/18,872.0,538.0,66.0,30.0,NHS Fife
1186,S08000029,01/02/18,799.0,510.0,62.0,27.0,NHS Fife
1187,S08000030,01/12/21,266.0,247.0,1.0,3.0,NHS Tayside
1188,S08000030,01/11/21,269.0,248.0,5.0,1.0,NHS Tayside
1189,S08000030,01/10/21,254.0,237.0,5.0,1.0,NHS Tayside
1190,S08000030,01/09/21,246.0,226.0,5.0,4.0,NHS Tayside
1191,S08000030,01/08/21,245.0,223.0,6.0,1.0,NHS Tayside
1192,S08000030,01/07/21,266.0,227.0,3.0,0.0,NHS Tayside
1193,S08000030,01/06/21,286.0,252.0,1.0,2.0,NHS Tayside
1194,S08000030,01/05/21,290.0,256.0,2.0,2.0,NHS Tayside
1195,S08000030,01/04/21,249.0,207.0,1.0,1.0,NHS Tayside
1196,S08000030,01/03/21,284.0,252.0,1.0,1.0,NHS Tayside
1197,S08000030,01/02/21,288.0,265.0,0.0,1.0,NHS Tayside
1198,S08000030,01/01/21,325.0,306.0,1.0,2.0,NHS Tayside
1199,S08000030,01/12/20,330.0,316.0,2.0,2.0,NHS Tayside
1200,S08000030,01/11/20,282.0,273.0,3.0,1.0,NHS Tayside
1201,S08000030,01/10/20,238.0,228.0,4.0,3.0,NHS Tayside
1202,S08000030,01/09/20,235.0,215.0,6.0,2.0,NHS Tayside
1203,S08000030,01/08/20,268.0,212.0,14.0,0.0,NHS Tayside
1204,S08000030,01/07/20,268.0,161.0,10.0,2.0,NHS Tayside
1205,S08000030,01/06/20,337.0,195.0,10.0,0.0,NHS Tayside
1206,S08000030,01/05/20,404.0,246.0,17.0,0.0,NHS Tayside
1207,S08000030,01/04/20,431.0,262.0,9.0,0.0,NHS Tayside
1208,S08000030,01/03/20,497.0,355.0,18.0,1.0,NHS Tayside
1209,S08000030,01/02/20,478.0,364.0,23.0,0.0,NHS Tayside
1210,S08000030,01/01/20,358.0,258.0,8.0,1.0,NHS Tayside
1211,S08000030,01/12/19,390.0,280.0,12.0,3.0,NHS Tayside
1212,S08000030,01/11/19,365.0,257.0,16.0,4.0,NHS Tayside
1213,S08000030,01/10/19,422.0,249.0,26.0,2.0,NHS Tayside
1214,S08000030,01/09/19,511.0,295.0,38.0,1.0,NHS Tayside
1215,S08000030,01/08/19,522.0,254.0,79.0,0.0,NHS Tayside
1216,S08000030,01/07/19,573.0,268.0,96.0,0.0,NHS Tayside
1217,S08000030,01/06/19,602.0,289.0,97.0,0.0,NHS Tayside
1218,S08000030,01/05/19,598.0,283.0,101.0,0.0,NHS Tayside
1219,S08000030,01/04/19,566.0,258.0,66.0,0.0,NHS Tayside
1220,S08000030,01/03/19,1015.0,515.0,121.0,0.0,NHS Tayside
1221,S08000030,01/02/19,935.0,525.0,73.0,0.0,NHS Tayside
1222,S08000030,01/01/19,875.0,493.0,3.0,1.0,NHS Tayside
1223,S08000030,01/12/18,842.0,497.0,5.0,0.0,NHS Tayside
1224,S08000030,01/11/18,782.0,496.0,1.0,0.0,NHS Tayside
1225,S08000030,01/10/18,739.0,446.0,1.0,0.0,NHS Tayside
1226,S08000030,01/09/18,732.0,498.0,2.0,0.0,NHS Tayside
1227,S08000030,01/08/18,690.0,504.0,2.0,1.0,NHS Tayside
1228,S08000030,01/07/18,706.0,498.0,1.0,1.0,NHS Tayside
1229,S08000030,01/06/18,726.0,550.0,0.0,0.0,NHS Tayside
1230,S08000030,01/05/18,699.0,530.0,1.0,0.0,NHS Tayside
1231,S08000030,01/04/18,636.0,472.0,1.0,0.0,NHS Tayside
1232,S08000030,01/03/18,733.0,543.0,2.0,0.0,NHS Tayside
1233,S08000030,01/02/18,684.0,515.0,0.0,0.0,NHS Tayside
1234,S08000031,01/12/21,2691.0,1582.0,298.0,15.0,NHS Greater Glasgow and Clyde
1235,S08000031,01/11/21,2767.0,1551.0,359.0,16.0,NHS Greater Glasgow and Clyde
1236,S08000031,01/10/21,2806.0,1324.0,446.0,10.0,NHS Greater Glasgow and Clyde
1237,S08000031,01/09/21,2883.0,1337.0,554.0,1.0,NHS Greater Glasgow and Clyde
1238,S08000031,01/08/21,2794.0,1365.0,544.0,0.0,NHS Greater Glasgow and Clyde
1239,S08000031,01/07/21,2756.0,1390.0,451.0,4.0,NHS Greater Glasgow and Clyde
1240,S08000031,01/06/21,2838.0,1593.0,296.0,15.0,NHS Greater Glasgow and Clyde
1241,S08000031,01/05/21,2723.0,1485.0,318.0,16.0,NHS Greater Glasgow and Clyde
1242,S08000031,01/04/21,2602.0,1314.0,253.0,26.0,NHS Greater Glasgow and Clyde
1243,S08000031,01/03/21,2620.0,1423.0,222.0,74.0,NHS Greater Glasgow and Clyde
1244,S08000031,01/02/21,2553.0,1435.0,300.0,77.0,NHS Greater Glasgow and Clyde
1245,S08000031,01/01/21,2628.0,1473.0,367.0,48.0,NHS Greater Glasgow and Clyde
1246,S08000031,01/12/20,2880.0,1559.0,626.0,112.0,NHS Greater Glasgow and Clyde
1247,S08000031,01/11/20,2856.0,1672.0,635.0,57.0,NHS Greater Glasgow and Clyde
1248,S08000031,01/10/20,2831.0,1477.0,636.0,78.0,NHS Greater Glasgow and Clyde
1249,S08000031,01/09/20,2887.0,1417.0,473.0,66.0,NHS Greater Glasgow and Clyde
1250,S08000031,01/08/20,2813.0,1138.0,458.0,61.0,NHS Greater Glasgow and Clyde
1251,S08000031,01/07/20,2960.0,875.0,515.0,99.0,NHS Greater Glasgow and Clyde
1252,S08000031,01/06/20,3206.0,1073.0,507.0,119.0,NHS Greater Glasgow and Clyde
1253,S08000031,01/05/20,3423.0,1373.0,510.0,141.0,NHS Greater Glasgow and Clyde
1254,S08000031,01/04/20,3724.0,1593.0,325.0,197.0,NHS Greater Glasgow and Clyde
1255,S08000031,01/03/20,3946.0,2107.0,293.0,170.0,NHS Greater Glasgow and Clyde
1256,S08000031,01/02/20,3956.0,2266.0,374.0,108.0,NHS Greater Glasgow and Clyde
1257,S08000031,01/01/20,3840.0,2203.0,394.0,69.0,NHS Greater Glasgow and Clyde
1258,S08000031,01/12/19,3749.0,2339.0,350.0,53.0,NHS Greater Glasgow and Clyde
1259,S08000031,01/11/19,3547.0,2322.0,308.0,29.0,NHS Greater Glasgow and Clyde
1260,S08000031,01/10/19,3221.0,2063.0,239.0,21.0,NHS Greater Glasgow and Clyde
1261,S08000031,01/09/19,2980.0,2031.0,163.0,9.0,NHS Greater Glasgow and Clyde
1262,S08000031,01/08/19,2703.0,1906.0,122.0,6.0,NHS Greater Glasgow and Clyde
1263,S08000031,01/07/19,2654.0,1932.0,88.0,2.0,NHS Greater Glasgow and Clyde
1264,S08000031,01/06/19,2758.0,2129.0,87.0,1.0,NHS Greater Glasgow and Clyde
1265,S08000031,01/05/19,2651.0,2157.0,62.0,0.0,NHS Greater Glasgow and Clyde
1266,S08000031,01/04/19,2484.0,2048.0,25.0,0.0,NHS Greater Glasgow and Clyde
1267,S08000032,01/12/21,1887.0,601.0,360.0,455.0,NHS Lanarkshire
1268,S08000032,01/11/21,1861.0,637.0,340.0,405.0,NHS Lanarkshire
1269,S08000032,01/10/21,1809.0,610.0,312.0,347.0,NHS Lanarkshire
1270,S08000032,01/09/21,1665.0,575.0,299.0,302.0,NHS Lanarkshire
1271,S08000032,01/08/21,1574.0,620.0,311.0,250.0,NHS Lanarkshire
1272,S08000032,01/07/21,1501.0,619.0,302.0,199.0,NHS Lanarkshire
1273,S08000032,01/06/21,1517.0,727.0,235.0,184.0,NHS Lanarkshire
1274,S08000032,01/05/21,1409.0,669.0,205.0,179.0,NHS Lanarkshire
1275,S08000032,01/04/21,1293.0,534.0,151.0,216.0,NHS Lanarkshire
1276,S08000032,01/03/21,1336.0,581.0,133.0,250.0,NHS Lanarkshire
1277,S08000032,01/02/21,1299.0,540.0,169.0,252.0,NHS Lanarkshire
1278,S08000032,01/01/21,1256.0,553.0,218.0,181.0,NHS Lanarkshire
1279,S08000032,01/12/20,1204.0,587.0,261.0,137.0,NHS Lanarkshire
1280,S08000032,01/11/20,1110.0,564.0,300.0,90.0,NHS Lanarkshire
1281,S08000032,01/10/20,985.0,454.0,268.0,65.0,NHS Lanarkshire
1282,S08000032,01/09/20,916.0,406.0,169.0,56.0,NHS Lanarkshire
1283,S08000032,01/08/20,831.0,329.0,128.0,37.0,NHS Lanarkshire
1284,S08000032,01/07/20,780.0,237.0,104.0,32.0,NHS Lanarkshire
1285,S08000032,01/06/20,856.0,330.0,98.0,20.0,NHS Lanarkshire
1286,S08000032,01/05/20,946.0,479.0,125.0,12.0,NHS Lanarkshire
1287,S08000032,01/04/20,1089.0,606.0,104.0,6.0,NHS Lanarkshire
1288,S08000032,01/03/20,1184.0,826.0,77.0,2.0,NHS Lanarkshire
1289,S08000032,01/02/20,1167.0,860.0,53.0,2.0,NHS Lanarkshire
1290,S08000032,01/01/20,1064.0,791.0,35.0,0.0,NHS Lanarkshire
1291,S08000032,01/12/19,972.0,754.0,31.0,1.0,NHS Lanarkshire
1292,S08000032,01/11/19,913.0,699.0,28.0,0.0,NHS Lanarkshire
1293,S08000032,01/10/19,831.0,607.0,26.0,1.0,NHS Lanarkshire
1294,S08000032,01/09/19,898.0,642.0,29.0,1.0,NHS Lanarkshire
1295,S08000032,01/08/19,848.0,579.0,62.0,2.0,NHS Lanarkshire
1296,S08000032,01/07/19,893.0,609.0,70.0,0.0,NHS Lanarkshire
1297,S08000032,01/06/19,1055.0,754.0,73.0,0.0,NHS Lanarkshire
1298,S08000032,01/05/19,1097.0,798.0,71.0,0.0,NHS Lanarkshire
1299,S08000032,01/04/19,1098.0,794.0,45.0,0.0,NHS Lanarkshire
1300,S92000003,01/12/21,10452.0,5640.0,1169.0,1570.0,
1301,S92000003,01/11/21,12107.0,5526.0,1656.0,2244.0,
1302,S92000003,01/10/21,12083.0,5225.0,1714.0,2115.0,
1303,S92000003,01/09/21,11816.0,5200.0,1780.0,1978.0,
1304,S92000003,01/08/21,11332.0,5294.0,1835.0,1749.0,
1305,S92000003,01/07/21,11323.0,5624.0,1596.0,1639.0,
1306,S92000003,01/06/21,11722.0,6299.0,1267.0,1686.0,
1307,S92000003,01/05/21,11531.0,5990.0,1205.0,1758.0,
1308,S92000003,01/04/21,10911.0,5199.0,1029.0,1840.0,
1309,S92000003,01/03/21,11008.0,5476.0,937.0,2012.0,
1310,S92000003,01/02/21,10744.0,5299.0,1203.0,1970.0,
1311,S92000003,01/01/21,10711.0,5447.0,1534.0,1663.0,
1312,S92000003,01/12/20,11166.0,5924.0,2041.0,1560.0,
1313,S92000003,01/11/20,10756.0,5781.0,2259.0,1299.0,
1314,S92000003,01/10/20,10151.0,5020.0,2250.0,1131.0,
1315,S92000003,01/09/20,9699.0,4508.0,1804.0,959.0,
1316,S92000003,01/08/20,9181.0,3634.0,1706.0,863.0,
1317,S92000003,01/07/20,8996.0,2925.0,1574.0,821.0,
1318,S92000003,01/06/20,9347.0,3486.0,1397.0,787.0,
1319,S92000003,01/05/20,9734.0,4213.0,1374.0,760.0,
1320,S92000003,01/04/20,10578.0,4971.0,1095.0,785.0,
1321,S92000003,01/03/20,11455.0,6621.0,1001.0,696.0,
1322,S92000003,01/02/20,11449.0,7062.0,1042.0,614.0,
1323,S92000003,01/01/20,11030.0,6863.0,1015.0,565.0,
1324,S92000003,01/12/19,10820.0,6976.0,951.0,589.0,
1325,S92000003,01/11/19,10475.0,6825.0,942.0,541.0,
1326,S92000003,01/10/19,10083.0,6210.0,945.0,571.0,
1327,S92000003,01/09/19,10034.0,6217.0,863.0,599.0,
1328,S92000003,01/08/19,9926.0,6076.0,908.0,659.0,
1329,S92000003,01/07/19,10059.0,6379.0,817.0,565.0,
1330,S92000003,01/06/19,10445.0,6950.0,726.0,581.0,
1331,S92000003,01/05/19,10263.0,7110.0,720.0,531.0,
1332,S92000003,01/04/19,9974.0,6811.0,656.0,470.0,
1333,S92000003,01/03/19,10609.0,7489.0,737.0,422.0,
1334,S92000003,01/02/19,9891.0,7096.0,702.0,365.0,
1335,S92000003,01/01/19,9661.0,7049.0,521.0,318.0,
1336,S92000003,01/12/18,9337.0,6995.0,453.0,302.0,
1337,S92000003,01/11/18,8827.0,6560.0,441.0,286.0,
1338,S92000003,01/10/18,8296.0,5946.0,427.0,251.0,
1339,S92000003,01/09/18,7860.0,5758.0,430.0,221.0,
1340,S92000003,01/08/18,7653.0,5686.0,451.0,167.0,
1341,S92000003,01/07/18,7908.0,5897.0,442.0,159.0,
1342,S92000003,01/06/18,8510.0,6537.0,415.0,156.0,
1343,S92000003,01/05/18,8240.0,6363.0,370.0,128.0,
1344,S92000003,01/04/18,8277.0,6217.0,338.0,127.0,
1345,S92000003,01/03/18,8370.0,6392.0,292.0,123.0,
1346,S92000003,01/02/18,7965.0,6340.0,254.0,107.0,
1347,S92000003,01/01/18,7684.0,6128.0,229.0,95.0,
1348,S92000003,01/12/17,7620.0,6286.0,235.0,67.0,
1349,S92000003,01/11/17,7271.0,5987.0,233.0,42.0,
1350,S92000003,01/10/17,6099.0,4893.0,236.0,52.0,
1351,S92000003,01/09/17,5939.0,4738.0,217.0,48.0,
1352,S92000003,01/08/17,5537.0,4419.0,200.0,41.0,
1353,S92000003,01/07/17,5902.0,4692.0,199.0,44.0,
1354,S92000003,01/06/17,6964.0,5908.0,187.0,37.0,
1355,S92000003,01/05/17,6873.0,5869.0,162.0,41.0,
1356,S92000003,01/04/17,6677.0,5596.0,157.0,40.0,
1357,S92000003,01/03/17,6932.0,5951.0,155.0,55.0,
1358,S92000003,01/02/17,6492.0,5593.0,213.0,54.0,
1359,S92000003,01/01/17,6422.0,5503.0,265.0,74.0,
1360,S92000003,01/12/16,6279.0,5412.0,291.0,76.0,
1361,S92000003,01/11/16,5884.0,4908.0,316.0,67.0,
1362,S92000003,01/10/16,5717.0,4540.0,356.0,77.0,
1363,S92000003,01/09/16,5702.0,4541.0,339.0,75.0,
1364,S92000003,01/08/16,5520.0,4254.0,362.0,96.0,
1365,S92000003,01/07/16,6040.0,4688.0,381.0,93.0,
1366,S92000003,01/06/16,6568.0,5307.0,326.0,84.0,
1367,S92000003,01/05/16,6819.0,5510.0,333.0,100.0,
1368,S92000003,01/04/16,6785.0,5303.0,338.0,111.0,
1369,S92000003,01/03/16,6624.0,5243.0,308.0,116.0,
1370,S92000003,01/02/16,6618.0,5386.0,364.0,74.0,
1371,S92000003,01/01/16,6337.0,5132.0,335.0,47.0,
1372,S92000003,01/12/15,6513.0,5459.0,311.0,35.0,
1373,S92000003,01/11/15,6355.0,5261.0,298.0,26.0,
1374,S92000003,01/10/15,6159.0,4730.0,293.0,20.0,
1375,S92000003,01/09/15,6141.0,4609.0,222.0,81.0,
1376,S92000003,01/08/15,5834.0,4332.0,244.0,10.0,
1377,S92000003,01/07/15,5990.0,4503.0,215.0,16.0,
1378,S92000003,01/06/15,6519.0,5209.0,208.0,20.0,
1379,S92000003,01/05/15,6604.0,5323.0,227.0,31.0,
1380,S92000003,01/04/15,6649.0,5298.0,243.0,30.0,
1381,S92000003,01/03/15,6867.0,5594.0,291.0,36.0,
1382,S92000003,01/02/15,6565.0,5211.0,341.0,130.0,
1383,S92000003,01/01/15,6409.0,5017.0,372.0,193.0,
1384,S92000003,01/12/14,6573.0,5116.0,432.0,226.0,
1385,S92000003,01/11/14,6205.0,4724.0,476.0,221.0,
1386,S92000003,01/10/14,6232.0,4495.0,552.0,245.0,
1387,S92000003,01/09/14,6146.0,4229.0,556.0,211.0,
1388,S92000003,01/08/14,5979.0,3970.0,572.0,179.0,
1389,S92000003,01/07/14,4453.0,3043.0,397.0,79.0,
1390,S92000003,01/06/14,5261.0,3752.0,394.0,89.0,
1391,S92000003,01/05/14,6972.0,4997.0,579.0,84.0,
1392,S92000003,01/04/14,6876.0,4937.0,535.0,26.0,
1393,S92000003,01/03/14,7086.0,5366.0,434.0,13.0,
1394,S92000003,01/02/14,6980.0,5446.0,366.0,13.0,
1395,S92000003,01/01/14,6606.0,5178.0,272.0,12.0,
1396,S92000003,01/12/13,6405.0,5090.0,165.0,20.0,
1397,S92000003,01/11/13,5900.0,4729.0,135.0,27.0,
1398,S92000003,01/10/13,5641.0,4480.0,123.0,28.0,
1399,S92000003,01/09/13,4818.0,3915.0,68.0,15.0,
1400,S92000003,01/08/13,4391.0,3680.0,52.0,12.0,
1401,S92000003,01/07/13,4546.0,3827.0,46.0,12.0,
1402,S92000003,01/06/13,4770.0,4163.0,29.0,11.0,
1403,S92000003,01/05/13,4393.0,4035.0,14.0,7.0,
1404,S92000003,01/04/13,4332.0,3888.0,28.0,3.0,
1405,S92000003,01/03/13,4584.0,4221.0,22.0,3.0,
1406,S92000003,01/02/13,4181.0,3854.0,39.0,6.0,
1407,S92000003,01/01/13,4055.0,3698.0,39.0,2.0,
1408,S92000003,01/12/12,4147.0,3663.0,45.0,5.0,
1409,S92000003,01/11/12,3966.0,3414.0,59.0,5.0,
1410,S92000003,01/10/12,3820.0,3129.0,65.0,3.0,
1411,S92000003,01/09/12,3369.0,2870.0,44.0,8.0,
1412,S92000003,01/08/12,3196.0,2691.0,52.0,8.0,
1413,S92000003,01/07/12,3638.0,2896.0,65.0,7.0,
1414,S08000021,01/03/19,2309.0,1985.0,21.0,0.0,NHS Greater Glasgow and Clyde
1415,S08000021,01/02/19,2061.0,1807.0,14.0,0.0,NHS Greater Glasgow and Clyde
1416,S08000021,01/01/19,1908.0,1659.0,3.0,0.0,NHS Greater Glasgow and Clyde
1417,S08000021,01/12/18,1848.0,1682.0,1.0,0.0,NHS Greater Glasgow and Clyde
1418,S08000021,01/11/18,1811.0,1625.0,4.0,0.0,NHS Greater Glasgow and Clyde
1419,S08000021,01/10/18,1750.0,1528.0,7.0,0.0,NHS Greater Glasgow and Clyde
1420,S08000021,01/09/18,1533.0,1359.0,4.0,0.0,NHS Greater Glasgow and Clyde
1421,S08000021,01/08/18,1435.0,1288.0,4.0,0.0,NHS Greater Glasgow and Clyde
1422,S08000021,01/07/18,1448.0,1304.0,3.0,0.0,NHS Greater Glasgow and Clyde
1423,S08000021,01/06/18,1587.0,1435.0,0.0,0.0,NHS Greater Glasgow and Clyde
1424,S08000021,01/05/18,1518.0,1408.0,4.0,0.0,NHS Greater Glasgow and Clyde
1425,S08000021,01/04/18,1500.0,1375.0,2.0,0.0,NHS Greater Glasgow and Clyde
1426,S08000021,01/03/18,1460.0,1344.0,0.0,0.0,NHS Greater Glasgow and Clyde
1427,S08000021,01/02/18,1400.0,1323.0,0.0,0.0,NHS Greater Glasgow and Clyde
1428,S08000021,01/01/18,1241.0,1182.0,0.0,0.0,NHS Greater Glasgow and Clyde
1429,S08000021,01/12/17,1220.0,1187.0,0.0,0.0,NHS Greater Glasgow and Clyde
1430,S08000021,01/11/17,1162.0,1149.0,0.0,0.0,NHS Greater Glasgow and Clyde
1431,S08000021,01/10/17,1027.0,1014.0,0.0,0.0,NHS Greater Glasgow and Clyde
1432,S08000021,01/09/17,991.0,979.0,0.0,0.0,NHS Greater Glasgow and Clyde
1433,S08000021,01/08/17,928.0,926.0,0.0,0.0,NHS Greater Glasgow and Clyde
1434,S08000021,01/07/17,919.0,912.0,0.0,0.0,NHS Greater Glasgow and Clyde
1435,S08000021,01/06/17,1041.0,1040.0,0.0,0.0,NHS Greater Glasgow and Clyde
1436,S08000021,01/05/17,1035.0,1033.0,0.0,0.0,NHS Greater Glasgow and Clyde
1437,S08000021,01/04/17,1013.0,1004.0,0.0,0.0,NHS Greater Glasgow and Clyde
1438,S08000021,01/03/17,1057.0,1045.0,0.0,0.0,NHS Greater Glasgow and Clyde
1439,S08000021,01/02/17,1000.0,983.0,0.0,0.0,NHS Greater Glasgow and Clyde
1440,S08000021,01/01/17,993.0,979.0,0.0,0.0,NHS Greater Glasgow and Clyde
1441,S08000021,01/12/16,946.0,936.0,0.0,0.0,NHS Greater Glasgow and Clyde
1442,S08000021,01/11/16,919.0,914.0,0.0,0.0,NHS Greater Glasgow and Clyde
1443,S08000021,01/10/16,907.0,902.0,0.0,0.0,NHS Greater Glasgow and Clyde
1444,S08000021,01/09/16,861.0,860.0,0.0,0.0,NHS Greater Glasgow and Clyde
1445,S08000021,01/08/16,782.0,778.0,0.0,0.0,NHS Greater Glasgow and Clyde
1446,S08000021,01/07/16,843.0,840.0,0.0,0.0,NHS Greater Glasgow and Clyde
1447,S08000021,01/06/16,964.0,961.0,0.0,0.0,NHS Greater Glasgow and Clyde
1448,S08000021,01/05/16,949.0,946.0,0.0,0.0,NHS Greater Glasgow and Clyde
1449,S08000021,01/04/16,964.0,962.0,0.0,0.0,NHS Greater Glasgow and Clyde
1450,S08000021,01/03/16,1005.0,1005.0,0.0,0.0,NHS Greater Glasgow and Clyde
1451,S08000021,01/02/16,956.0,956.0,0.0,0.0,NHS Greater Glasgow and Clyde
1452,S08000021,01/01/16,892.0,892.0,0.0,0.0,NHS Greater Glasgow and Clyde
1453,S08000021,01/12/15,933.0,932.0,0.0,0.0,NHS Greater Glasgow and Clyde
1454,S08000021,01/11/15,913.0,913.0,0.0,0.0,NHS Greater Glasgow and Clyde
1455,S08000021,01/10/15,845.0,845.0,0.0,0.0,NHS Greater Glasgow and Clyde
1456,S08000021,01/09/15,783.0,783.0,0.0,0.0,NHS Greater Glasgow and Clyde
1457,S08000021,01/08/15,693.0,693.0,0.0,0.0,NHS Greater Glasgow and Clyde
1458,S08000021,01/07/15,741.0,741.0,0.0,0.0,NHS Greater Glasgow and Clyde
1459,S08000021,01/06/15,870.0,870.0,0.0,0.0,NHS Greater Glasgow and Clyde
1460,S08000021,01/05/15,903.0,903.0,0.0,0.0,NHS Greater Glasgow and Clyde
1461,S08000021,01/04/15,990.0,990.0,0.0,0.0,NHS Greater Glasgow and Clyde
1462,S08000021,01/03/15,1079.0,1078.0,0.0,0.0,NHS Greater Glasgow and Clyde
1463,S08000021,01/02/15,1058.0,1058.0,0.0,0.0,NHS Greater Glasgow and Clyde
1464,S08000021,01/01/15,1044.0,1042.0,0.0,0.0,NHS Greater Glasgow and Clyde
1465,S08000021,01/12/14,1083.0,1082.0,0.0,0.0,NHS Greater Glasgow and Clyde
1466,S08000021,01/11/14,1095.0,1095.0,0.0,0.0,NHS Greater Glasgow and Clyde
1467,S08000021,01/10/14,967.0,965.0,0.0,0.0,NHS Greater Glasgow and Clyde
1468,S08000021,01/09/14,927.0,918.0,0.0,0.0,NHS Greater Glasgow and Clyde
1469,S08000021,01/08/14,908.0,900.0,0.0,0.0,NHS Greater Glasgow and Clyde
1470,S08000021,01/07/14,913.0,907.0,0.0,0.0,NHS Greater Glasgow and Clyde
1471,S08000021,01/06/14,1023.0,1020.0,0.0,0.0,NHS Greater Glasgow and Clyde
1472,S08000021,01/05/14,982.0,982.0,0.0,0.0,NHS Greater Glasgow and Clyde
1473,S08000021,01/04/14,1037.0,1037.0,0.0,0.0,NHS Greater Glasgow and Clyde
1474,S08000021,01/03/14,1131.0,1130.0,0.0,0.0,NHS Greater Glasgow and Clyde
1475,S08000021,01/02/14,1015.0,1015.0,0.0,0.0,NHS Greater Glasgow and Clyde
1476,S08000021,01/01/14,980.0,978.0,0.0,0.0,NHS Greater Glasgow and Clyde
1477,S08000021,01/12/13,905.0,904.0,0.0,0.0,NHS Greater Glasgow and Clyde
1478,S08000021,01/11/13,893.0,893.0,0.0,0.0,NHS Greater Glasgow and Clyde
1479,S08000021,01/10/13,922.0,921.0,0.0,0.0,NHS Greater Glasgow and Clyde
1480,S08000021,01/09/13,967.0,967.0,0.0,0.0,NHS Greater Glasgow and Clyde
1481,S08000021,01/08/13,842.0,834.0,0.0,0.0,NHS Greater Glasgow and Clyde
1482,S08000021,01/07/13,931.0,911.0,0.0,0.0,NHS Greater Glasgow and Clyde
1483,S08000021,01/06/13,898.0,893.0,0.0,0.0,NHS Greater Glasgow and Clyde
1484,S08000021,01/05/13,887.0,887.0,0.0,0.0,NHS Greater Glasgow and Clyde
1485,S08000021,01/04/13,903.0,900.0,0.0,0.0,NHS Greater Glasgow and Clyde
1486,S08000021,01/03/13,898.0,880.0,0.0,0.0,NHS Greater Glasgow and Clyde
1487,S08000021,01/02/13,826.0,823.0,0.0,0.0,NHS Greater Glasgow and Clyde
1488,S08000021,01/01/13,875.0,860.0,0.0,0.0,NHS Greater Glasgow and Clyde
1489,S08000021,01/12/12,948.0,893.0,1.0,0.0,NHS Greater Glasgow and Clyde
1490,S08000021,01/11/12,955.0,868.0,6.0,0.0,NHS Greater Glasgow and Clyde
1491,S08000021,01/10/12,959.0,836.0,15.0,0.0,NHS Greater Glasgow and Clyde
1492,S08000021,01/09/12,949.0,818.0,21.0,0.0,NHS Greater Glasgow and Clyde
1493,S08000021,01/08/12,895.0,721.0,25.0,0.0,NHS Greater Glasgow and Clyde
1494,S08000021,01/07/12,949.0,747.0,26.0,0.0,NHS Greater Glasgow and Clyde
1495,S08000023,01/03/19,1164.0,876.0,46.0,0.0,NHS Lanarkshire
1496,S08000023,01/02/19,1054.0,807.0,41.0,0.0,NHS Lanarkshire
1497,S08000023,01/01/19,973.0,765.0,25.0,0.0,NHS Lanarkshire
1498,S08000023,01/12/18,976.0,817.0,16.0,0.0,NHS Lanarkshire
1499,S08000023,01/11/18,930.0,791.0,9.0,0.0,NHS Lanarkshire
1500,S08000023,01/10/18,857.0,687.0,7.0,0.0,NHS Lanarkshire
1501,S08000023,01/09/18,797.0,642.0,10.0,0.0,NHS Lanarkshire
1502,S08000023,01/08/18,766.0,605.0,17.0,0.0,NHS Lanarkshire
1503,S08000023,01/07/18,787.0,603.0,15.0,0.0,NHS Lanarkshire
1504,S08000023,01/06/18,898.0,737.0,8.0,0.0,NHS Lanarkshire
1505,S08000023,01/05/18,870.0,723.0,4.0,0.0,NHS Lanarkshire
1506,S08000023,01/04/18,857.0,669.0,0.0,0.0,NHS Lanarkshire
1507,S08000023,01/03/18,894.0,679.0,0.0,0.0,NHS Lanarkshire
1508,S08000023,01/02/18,806.0,682.0,1.0,0.0,NHS Lanarkshire
1509,S08000023,01/01/18,777.0,680.0,0.0,0.0,NHS Lanarkshire
1510,S08000023,01/12/17,823.0,754.0,0.0,0.0,NHS Lanarkshire
1511,S08000023,01/11/17,820.0,749.0,1.0,0.0,NHS Lanarkshire
1512,S08000023,01/10/17,755.0,662.0,0.0,0.0,NHS Lanarkshire
1513,S08000023,01/09/17,747.0,645.0,0.0,0.0,NHS Lanarkshire
1514,S08000023,01/08/17,622.0,526.0,2.0,0.0,NHS Lanarkshire
1515,S08000023,01/07/17,731.0,600.0,0.0,0.0,NHS Lanarkshire
1516,S08000023,01/06/17,822.0,704.0,0.0,0.0,NHS Lanarkshire
1517,S08000023,01/05/17,815.0,719.0,0.0,0.0,NHS Lanarkshire
1518,S08000023,01/04/17,704.0,623.0,0.0,0.0,NHS Lanarkshire
1519,S08000023,01/03/17,710.0,664.0,0.0,0.0,NHS Lanarkshire
1520,S08000023,01/02/17,634.0,602.0,1.0,0.0,NHS Lanarkshire
1521,S08000023,01/01/17,583.0,555.0,1.0,0.0,NHS Lanarkshire
1522,S08000023,01/12/16,596.0,586.0,1.0,0.0,NHS Lanarkshire
1523,S08000023,01/11/16,524.0,513.0,0.0,0.0,NHS Lanarkshire
1524,S08000023,01/10/16,472.0,443.0,0.0,0.0,NHS Lanarkshire
1525,S08000023,01/09/16,512.0,457.0,0.0,0.0,NHS Lanarkshire
1526,S08000023,01/08/16,531.0,433.0,0.0,0.0,NHS Lanarkshire
1527,S08000023,01/07/16,616.0,503.0,1.0,0.0,NHS Lanarkshire
1528,S08000023,01/06/16,738.0,669.0,0.0,0.0,NHS Lanarkshire
1529,S08000023,01/05/16,721.0,680.0,0.0,0.0,NHS Lanarkshire
1530,S08000023,01/04/16,718.0,681.0,0.0,0.0,NHS Lanarkshire
1531,S08000023,01/03/16,751.0,733.0,0.0,0.0,NHS Lanarkshire
1532,S08000023,01/02/16,674.0,653.0,0.0,0.0,NHS Lanarkshire
1533,S08000023,01/01/16,657.0,640.0,0.0,0.0,NHS Lanarkshire
1534,S08000023,01/12/15,638.0,625.0,0.0,0.0,NHS Lanarkshire
1535,S08000023,01/11/15,564.0,553.0,0.0,0.0,NHS Lanarkshire
1536,S08000023,01/10/15,564.0,533.0,0.0,0.0,NHS Lanarkshire
1537,S08000023,01/09/15,533.0,494.0,0.0,0.0,NHS Lanarkshire
1538,S08000023,01/08/15,483.0,414.0,0.0,0.0,NHS Lanarkshire
1539,S08000023,01/07/15,520.0,453.0,0.0,0.0,NHS Lanarkshire
1540,S08000023,01/06/15,547.0,514.0,0.0,0.0,NHS Lanarkshire
1541,S08000023,01/05/15,497.0,486.0,0.0,0.0,NHS Lanarkshire
1542,S08000023,01/04/15,514.0,496.0,0.0,0.0,NHS Lanarkshire
1543,S08000023,01/03/15,506.0,493.0,0.0,0.0,NHS Lanarkshire
1544,S08000023,01/02/15,446.0,444.0,0.0,0.0,NHS Lanarkshire
1545,S08000023,01/01/15,407.0,403.0,0.0,0.0,NHS Lanarkshire
1546,S08000023,01/12/14,421.0,417.0,0.0,0.0,NHS Lanarkshire
1547,S08000023,01/11/14,379.0,366.0,1.0,0.0,NHS Lanarkshire
1548,S08000023,01/10/14,396.0,360.0,1.0,0.0,NHS Lanarkshire
1549,S08000023,01/09/14,433.0,381.0,0.0,0.0,NHS Lanarkshire
1550,S08000023,01/08/14,439.0,362.0,0.0,0.0,NHS Lanarkshire
1551,S08000023,01/07/14,441.0,363.0,0.0,0.0,NHS Lanarkshire
1552,S08000023,01/06/14,717.0,617.0,0.0,0.0,NHS Lanarkshire
1553,S08000023,01/05/14,698.0,621.0,0.0,0.0,NHS Lanarkshire
1554,S08000023,01/04/14,572.0,484.0,0.0,0.0,NHS Lanarkshire
1555,S08000023,01/03/14,533.0,464.0,0.0,0.0,NHS Lanarkshire
1556,S08000023,01/02/14,560.0,526.0,0.0,0.0,NHS Lanarkshire
1557,S08000023,01/01/14,573.0,537.0,0.0,0.0,NHS Lanarkshire
1558,S08000023,01/12/13,534.0,504.0,0.0,0.0,NHS Lanarkshire
1559,S08000023,01/11/13,496.0,470.0,0.0,0.0,NHS Lanarkshire
1560,S08000023,01/10/13,466.0,434.0,0.0,0.0,NHS Lanarkshire
1561,S08000023,01/09/13,430.0,409.0,0.0,0.0,NHS Lanarkshire
1562,S08000023,01/08/13,400.0,390.0,0.0,0.0,NHS Lanarkshire
1563,S08000023,01/07/13,394.0,387.0,0.0,0.0,NHS Lanarkshire
1564,S08000023,01/06/13,438.0,422.0,0.0,0.0,NHS Lanarkshire
1565,S08000023,01/05/13,409.0,405.0,0.0,0.0,NHS Lanarkshire
1566,S08000023,01/04/13,431.0,413.0,0.0,0.0,NHS Lanarkshire
1567,S08000023,01/03/13,473.0,450.0,0.0,0.0,NHS Lanarkshire
1568,S08000023,01/02/13,436.0,431.0,0.0,0.0,NHS Lanarkshire
1569,S08000023,01/01/13,390.0,381.0,0.0,0.0,NHS Lanarkshire
1570,S08000023,01/12/12,402.0,400.0,0.0,0.0,NHS Lanarkshire
1571,S08000023,01/11/12,346.0,332.0,0.0,0.0,NHS Lanarkshire
1572,S08000023,01/10/12,357.0,315.0,0.0,0.0,NHS Lanarkshire
1573,S08000023,01/09/12,339.0,298.0,0.0,0.0,NHS Lanarkshire
1574,S08000023,01/08/12,302.0,263.0,2.0,0.0,NHS Lanarkshire
1575,S08000023,01/07/12,347.0,302.0,3.0,0.0,NHS Lanarkshire
1576,S08000018,01/01/18,795.0,508.0,48.0,25.0,NHS Fife
1577,S08000018,01/12/17,797.0,540.0,52.0,25.0,NHS Fife
1578,S08000018,01/11/17,735.0,497.0,49.0,18.0,NHS Fife
1579,S08000018,01/10/17,688.0,442.0,39.0,22.0,NHS Fife
1580,S08000018,01/09/17,694.0,439.0,41.0,17.0,NHS Fife
1581,S08000018,01/08/17,661.0,398.0,33.0,19.0,NHS Fife
1582,S08000018,01/07/17,639.0,403.0,30.0,13.0,NHS Fife
1583,S08000018,01/06/17,657.0,476.0,25.0,14.0,NHS Fife
1584,S08000018,01/05/17,667.0,480.0,21.0,22.0,NHS Fife
1585,S08000018,01/04/17,609.0,431.0,14.0,21.0,NHS Fife
1586,S08000018,01/03/17,686.0,484.0,13.0,19.0,NHS Fife
1587,S08000018,01/02/17,618.0,472.0,18.0,15.0,NHS Fife
1588,S08000018,01/01/17,557.0,441.0,17.0,17.0,NHS Fife
1589,S08000018,01/12/16,613.0,509.0,22.0,15.0,NHS Fife
1590,S08000018,01/11/16,542.0,449.0,15.0,15.0,NHS Fife
1591,S08000018,01/10/16,534.0,418.0,13.0,18.0,NHS Fife
1592,S08000018,01/09/16,538.0,434.0,15.0,17.0,NHS Fife
1593,S08000018,01/08/16,497.0,397.0,15.0,13.0,NHS Fife
1594,S08000018,01/07/16,503.0,400.0,25.0,16.0,NHS Fife
1595,S08000018,01/06/16,494.0,402.0,26.0,13.0,NHS Fife
1596,S08000018,01/05/16,557.0,460.0,28.0,16.0,NHS Fife
1597,S08000018,01/04/16,581.0,481.0,22.0,13.0,NHS Fife
1598,S08000018,01/03/16,569.0,464.0,15.0,13.0,NHS Fife
1599,S08000018,01/02/16,529.0,452.0,15.0,10.0,NHS Fife
1600,S08000018,01/01/16,519.0,409.0,27.0,8.0,NHS Fife
1601,S08000018,01/12/15,498.0,410.0,23.0,6.0,NHS Fife
1602,S08000018,01/11/15,470.0,374.0,27.0,5.0,NHS Fife
1603,S08000018,01/10/15,480.0,368.0,24.0,2.0,NHS Fife
1604,S08000018,01/09/15,491.0,344.0,22.0,2.0,NHS Fife
1605,S08000018,01/08/15,508.0,359.0,35.0,1.0,NHS Fife
1606,S08000018,01/07/15,510.0,374.0,35.0,4.0,NHS Fife
1607,S08000018,01/06/15,580.0,417.0,35.0,11.0,NHS Fife
1608,S08000018,01/05/15,640.0,446.0,46.0,17.0,NHS Fife
1609,S08000018,01/04/15,639.0,428.0,49.0,11.0,NHS Fife
1610,S08000018,01/03/15,612.0,447.0,44.0,2.0,NHS Fife
1611,S08000018,01/02/15,522.0,374.0,48.0,2.0,NHS Fife
1612,S08000018,01/01/15,530.0,380.0,50.0,1.0,NHS Fife
1613,S08000018,01/12/14,519.0,398.0,29.0,1.0,NHS Fife
1614,S08000018,01/11/14,463.0,336.0,27.0,2.0,NHS Fife
1615,S08000018,01/10/14,486.0,339.0,33.0,6.0,NHS Fife
1616,S08000018,01/09/14,506.0,318.0,37.0,4.0,NHS Fife
1617,S08000018,01/08/14,481.0,302.0,37.0,0.0,NHS Fife
1618,S08000018,01/07/14,501.0,279.0,40.0,1.0,NHS Fife
1619,S08000018,01/06/14,550.0,322.0,48.0,4.0,NHS Fife
1620,S08000018,01/05/14,583.0,366.0,56.0,5.0,NHS Fife
1621,S08000018,01/04/14,553.0,373.0,44.0,0.0,NHS Fife
1622,S08000018,01/03/14,590.0,434.0,33.0,1.0,NHS Fife
1623,S08000018,01/02/14,542.0,417.0,30.0,0.0,NHS Fife
1624,S08000018,01/01/14,529.0,395.0,20.0,0.0,NHS Fife
1625,S08000018,01/12/13,510.0,403.0,7.0,0.0,NHS Fife
1626,S08000018,01/11/13,439.0,332.0,1.0,0.0,NHS Fife
1627,S08000018,01/10/13,440.0,349.0,0.0,0.0,NHS Fife
1628,S08000018,01/09/13,420.0,339.0,1.0,0.0,NHS Fife
1629,S08000018,01/08/13,346.0,298.0,1.0,0.0,NHS Fife
1630,S08000018,01/07/13,378.0,327.0,2.0,0.0,NHS Fife
1631,S08000018,01/06/13,400.0,353.0,1.0,0.0,NHS Fife
1632,S08000018,01/05/13,382.0,351.0,1.0,0.0,NHS Fife
1633,S08000018,01/04/13,363.0,303.0,2.0,0.0,NHS Fife
1634,S08000018,01/03/13,355.0,306.0,0.0,0.0,NHS Fife
1635,S08000018,01/02/13,343.0,300.0,5.0,0.0,NHS Fife
1636,S08000018,01/01/13,375.0,318.0,9.0,0.0,NHS Fife
1637,S08000018,01/12/12,397.0,336.0,2.0,0.0,NHS Fife
1638,S08000018,01/11/12,385.0,330.0,2.0,0.0,NHS Fife
1639,S08000018,01/10/12,375.0,316.0,2.0,2.0,NHS Fife
1640,S08000018,01/09/12,383.0,300.0,2.0,3.0,NHS Fife
1641,S08000018,01/08/12,333.0,265.0,6.0,4.0,NHS Fife
1642,S08000018,01/07/12,357.0,283.0,7.0,3.0,NHS Fife
1643,S08000027,01/01/18,643.0,474.0,0.0,0.0,NHS Tayside
1644,S08000027,01/12/17,630.0,487.0,0.0,0.0,NHS Tayside
1645,S08000027,01/11/17,634.0,478.0,2.0,0.0,NHS Tayside
1646,S08000027,01/10/17,,,,,NHS Tayside
1647,S08000027,01/09/17,,,,,NHS Tayside
1648,S08000027,01/08/17,,,,,NHS Tayside
1649,S08000027,01/07/17,,,,,NHS Tayside
1650,S08000027,01/06/17,661.0,642.0,0.0,0.0,NHS Tayside
1651,S08000027,01/05/17,699.0,669.0,0.0,0.0,NHS Tayside
1652,S08000027,01/04/17,574.0,545.0,0.0,0.0,NHS Tayside
1653,S08000027,01/03/17,689.0,652.0,0.0,0.0,NHS Tayside
1654,S08000027,01/02/17,638.0,631.0,0.0,0.0,NHS Tayside
1655,S08000027,01/01/17,617.0,609.0,0.0,0.0,NHS Tayside
1656,S08000027,01/12/16,611.0,610.0,0.0,0.0,NHS Tayside
1657,S08000027,01/11/16,532.0,531.0,0.0,0.0,NHS Tayside
1658,S08000027,01/10/16,478.0,475.0,0.0,0.0,NHS Tayside
1659,S08000027,01/09/16,521.0,520.0,0.0,0.0,NHS Tayside
1660,S08000027,01/08/16,462.0,462.0,0.0,0.0,NHS Tayside
1661,S08000027,01/07/16,489.0,488.0,0.0,0.0,NHS Tayside
1662,S08000027,01/06/16,559.0,554.0,0.0,0.0,NHS Tayside
1663,S08000027,01/05/16,506.0,493.0,1.0,0.0,NHS Tayside
1664,S08000027,01/04/16,314.0,314.0,0.0,0.0,NHS Tayside
1665,S08000027,01/03/16,132.0,126.0,0.0,0.0,NHS Tayside
1666,S08000027,01/02/16,360.0,358.0,0.0,0.0,NHS Tayside
1667,S08000027,01/01/16,295.0,292.0,0.0,0.0,NHS Tayside
1668,S08000027,01/12/15,525.0,501.0,4.0,0.0,NHS Tayside
1669,S08000027,01/11/15,477.0,451.0,4.0,0.0,NHS Tayside
1670,S08000027,01/10/15,491.0,416.0,1.0,0.0,NHS Tayside
1671,S08000027,01/09/15,588.0,425.0,2.0,0.0,NHS Tayside
1672,S08000027,01/08/15,577.0,410.0,5.0,0.0,NHS Tayside
1673,S08000027,01/07/15,661.0,449.0,28.0,3.0,NHS Tayside
1674,S08000027,01/06/15,752.0,465.0,71.0,1.0,NHS Tayside
1675,S08000027,01/05/15,817.0,491.0,92.0,5.0,NHS Tayside
1676,S08000027,01/04/15,849.0,435.0,128.0,11.0,NHS Tayside
1677,S08000027,01/03/15,902.0,437.0,186.0,29.0,NHS Tayside
1678,S08000027,01/02/15,975.0,390.0,228.0,112.0,NHS Tayside
1679,S08000027,01/01/15,1061.0,392.0,248.0,181.0,NHS Tayside
1680,S08000027,01/12/14,1105.0,404.0,262.0,210.0,NHS Tayside
1681,S08000027,01/11/14,1050.0,353.0,284.0,186.0,NHS Tayside
1682,S08000027,01/10/14,1140.0,353.0,321.0,186.0,NHS Tayside
1683,S08000027,01/09/14,1089.0,337.0,305.0,137.0,NHS Tayside
1684,S08000027,01/08/14,1101.0,331.0,301.0,120.0,NHS Tayside
1685,S08000027,01/07/14,1057.0,329.0,303.0,67.0,NHS Tayside
1686,S08000027,01/06/14,1104.0,383.0,273.0,67.0,NHS Tayside
1687,S08000027,01/05/14,1098.0,402.0,260.0,53.0,NHS Tayside
1688,S08000027,01/04/14,1084.0,458.0,249.0,7.0,NHS Tayside
1689,S08000027,01/03/14,1130.0,549.0,187.0,0.0,NHS Tayside
1690,S08000027,01/02/14,1052.0,555.0,147.0,1.0,NHS Tayside
1691,S08000027,01/01/14,958.0,539.0,105.0,1.0,NHS Tayside
1692,S08000027,01/12/13,914.0,531.0,43.0,1.0,NHS Tayside
1693,S08000027,01/11/13,883.0,536.0,38.0,15.0,NHS Tayside
1694,S08000027,01/10/13,822.0,484.0,36.0,14.0,NHS Tayside
1695,S08000027,01/09/13,810.0,467.0,26.0,12.0,NHS Tayside
1696,S08000027,01/08/13,783.0,505.0,17.0,9.0,NHS Tayside
1697,S08000027,01/07/13,766.0,498.0,16.0,8.0,NHS Tayside
1698,S08000027,01/06/13,755.0,525.0,10.0,8.0,NHS Tayside
1699,S08000027,01/05/13,498.0,468.0,0.0,0.0,NHS Tayside
1700,S08000027,01/04/13,473.0,424.0,0.0,0.0,NHS Tayside
1701,S08000027,01/03/13,461.0,440.0,0.0,0.0,NHS Tayside
1702,S08000027,01/02/13,388.0,381.0,0.0,0.0,NHS Tayside
1703,S08000027,01/01/13,385.0,341.0,0.0,0.0,NHS Tayside
1704,S08000027,01/12/12,434.0,383.0,0.0,0.0,NHS Tayside
1705,S08000027,01/11/12,390.0,337.0,0.0,0.0,NHS Tayside
1706,S08000027,01/10/12,348.0,284.0,0.0,0.0,NHS Tayside
1707,S08000027,01/09/12,342.0,302.0,1.0,0.0,NHS Tayside
1708,S08000027,01/08/12,317.0,287.0,1.0,0.0,NHS Tayside
1709,S08000027,01/07/12,269.0,255.0,1.0,0.0,NHS Tayside
